id,prestamo_id,fecha_efectiva,fecha_proceso,ordinal_interno,numero_operacion,concepto_id,fecha_vencimiento,tasa,monto_transaccion,abono_capital,intrs_ctes,seguro,fee,usuario,numero_cuota,estado,capital_aplicado_periodo,numero_pago_referencia,numero_asiento_contable
478,90037,2025-11-02,2025-11-02,0,0,DES,2026-09-02,10.0000,940333.00,0.00,0.00,0.00,0.00,admin25+,0,TRANSACCION ,0.00,,0
479,90037,2025-11-02,2025-11-27,0,0,PLANCAP,2025-11-02,0.0000,188067.00,0.00,0.00,0.00,0.00,admin25+,1,PENDIENTE,0.00,,0
480,90037,2025-11-02,2025-11-27,0,1,PLANCAP,2025-12-02,0.0000,80837.48,0.00,0.00,0.00,0.00,admin25+,2,PENDIENTE,0.00,,0
481,90037,2025-11-02,2025-11-27,0,2,PLANINT,2025-12-02,0.0000,6268.88,0.00,0.00,0.00,0.00,admin25+,2,PENDIENTE,0.00,,0
482,90037,2025-11-02,2025-11-27,0,3,PLANSEG,2025-12-02,0.0000,37613.00,0.00,0.00,0.00,0.00,admin25+,2,PENDIENTE,0.00,,0
483,90037,2025-11-02,2025-11-27,0,4,PLANCAP,2026-01-02,0.0000,81511.12,0.00,0.00,0.00,0.00,admin25+,3,PENDIENTE,0.00,,0
484,90037,2025-11-02,2025-11-27,0,5,PLANINT,2026-01-02,0.0000,5595.24,0.00,0.00,0.00,0.00,admin25+,3,PENDIENTE,0.00,,0
485,90037,2025-11-02,2025-11-27,0,6,PLANSEG,2026-01-02,0.0000,37613.00,0.00,0.00,0.00,0.00,admin25+,3,PENDIENTE,0.00,,0
486,90037,2025-11-02,2025-11-27,0,7,PLANCAP,2026-02-02,0.0000,82190.38,0.00,0.00,0.00,0.00,admin25+,4,PENDIENTE,0.00,,0
487,90037,2025-11-02,2025-11-27,0,8,PLANINT,2026-02-02,0.0000,4915.98,0.00,0.00,0.00,0.00,admin25+,4,PENDIENTE,0.00,,0
488,90037,2025-11-02,2025-11-27,0,9,PLANSEG,2026-02-02,0.0000,37613.00,0.00,0.00,0.00,0.00,admin25+,4,PENDIENTE,0.00,,0
489,90037,2025-11-02,2025-11-27,0,10,PLANCAP,2026-03-02,0.0000,82875.30,0.00,0.00,0.00,0.00,admin25+,5,PENDIENTE,0.00,,0
490,90037,2025-11-02,2025-11-27,0,11,PLANINT,2026-03-02,0.0000,4231.06,0.00,0.00,0.00,0.00,admin25+,5,PENDIENTE,0.00,,0
491,90037,2025-11-02,2025-11-27,0,12,PLANSEG,2026-03-02,0.0000,37613.00,0.00,0.00,0.00,0.00,admin25+,5,PENDIENTE,0.00,,0
492,90037,2025-11-02,2025-11-27,0,13,PLANCAP,2026-04-02,0.0000,83565.93,0.00,0.00,0.00,0.00,admin25+,6,PENDIENTE,0.00,,0
493,90037,2025-11-02,2025-11-27,0,14,PLANINT,2026-04-02,0.0000,3540.43,0.00,0.00,0.00,0.00,admin25+,6,PENDIENTE,0.00,,0
494,90037,2025-11-02,2025-11-27,0,15,PLANSEG,2026-04-02,0.0000,37613.00,0.00,0.00,0.00,0.00,admin25+,6,PENDIENTE,0.00,,0
495,90037,2025-11-02,2025-11-27,0,16,PLANCAP,2026-05-02,0.0000,84262.31,0.00,0.00,0.00,0.00,admin25+,7,PENDIENTE,0.00,,0
496,90037,2025-11-02,2025-11-27,0,17,PLANINT,2026-05-02,0.0000,2844.05,0.00,0.00,0.00,0.00,admin25+,7,PENDIENTE,0.00,,0
497,90037,2025-11-02,2025-11-27,0,18,PLANSEG,2026-05-02,0.0000,37613.00,0.00,0.00,0.00,0.00,admin25+,7,PENDIENTE,0.00,,0
498,90037,2025-11-02,2025-11-27,0,19,PLANCAP,2026-06-02,0.0000,84964.50,0.00,0.00,0.00,0.00,admin25+,8,PENDIENTE,0.00,,0
499,90037,2025-11-02,2025-11-27,0,20,PLANINT,2026-06-02,0.0000,2141.86,0.00,0.00,0.00,0.00,admin25+,8,PENDIENTE,0.00,,0
500,90037,2025-11-02,2025-11-27,0,21,PLANSEG,2026-06-02,0.0000,37613.00,0.00,0.00,0.00,0.00,admin25+,8,PENDIENTE,0.00,,0
501,90037,2025-11-02,2025-11-27,0,22,PLANCAP,2026-07-02,0.0000,85672.54,0.00,0.00,0.00,0.00,admin25+,9,PENDIENTE,0.00,,0
502,90037,2025-11-02,2025-11-27,0,23,PLANINT,2026-07-02,0.0000,1433.82,0.00,0.00,0.00,0.00,admin25+,9,PENDIENTE,0.00,,0
503,90037,2025-11-02,2025-11-27,0,24,PLANSEG,2026-07-02,0.0000,37613.00,0.00,0.00,0.00,0.00,admin25+,9,PENDIENTE,0.00,,0
504,90037,2025-11-02,2025-11-27,0,25,PLANCAP,2026-08-02,0.0000,86386.44,0.00,0.00,0.00,0.00,admin25+,10,PENDIENTE,0.00,,0
505,90037,2025-11-02,2025-11-27,0,26,PLANINT,2026-08-02,0.0000,719.92,0.00,0.00,0.00,0.00,admin25+,10,PENDIENTE,0.00,,0
506,90037,2025-11-02,2025-11-27,0,27,PLANSEG,2026-08-02,0.0000,37613.00,0.00,0.00,0.00,0.00,admin25+,10,PENDIENTE,0.00,,0
205,61,2025-11-20,2025-11-25,0,0,PLANCAP,2025-11-20,0.0000,700000.00,0.00,0.00,0.00,0.00,admin25+,1,PENDIENTE,0.00,,0
206,61,2025-11-20,2025-11-25,0,1,PLANSEG,2025-11-20,0.0000,130000.00,0.00,0.00,0.00,0.00,admin25+,1,PENDIENTE,0.00,,0
207,61,2025-11-20,2025-11-25,0,2,PLANCAP,2025-12-03,0.0000,254110.83,0.00,0.00,0.00,0.00,admin25+,2,PENDIENTE,0.00,,0
208,61,2025-11-20,2025-11-25,0,3,PLANINT,2025-12-03,0.0000,3258.33,0.00,0.00,0.00,0.00,admin25+,2,PENDIENTE,0.00,,0
209,61,2025-11-20,2025-11-25,0,4,PLANSEG,2025-12-03,0.0000,130000.00,0.00,0.00,0.00,0.00,admin25+,2,PENDIENTE,0.00,,0
210,61,2025-11-20,2025-11-25,0,5,PLANCAP,2026-01-03,0.0000,254470.82,0.00,0.00,0.00,0.00,admin25+,3,PENDIENTE,0.00,,0
211,61,2025-11-20,2025-11-25,0,6,PLANINT,2026-01-03,0.0000,2898.34,0.00,0.00,0.00,0.00,admin25+,3,PENDIENTE,0.00,,0
212,61,2025-11-20,2025-11-25,0,7,PLANSEG,2026-01-03,0.0000,130000.00,0.00,0.00,0.00,0.00,admin25+,3,PENDIENTE,0.00,,0
213,61,2025-11-20,2025-11-25,0,8,PLANCAP,2026-02-03,0.0000,254831.32,0.00,0.00,0.00,0.00,admin25+,4,PENDIENTE,0.00,,0
214,61,2025-11-20,2025-11-25,0,9,PLANINT,2026-02-03,0.0000,2537.84,0.00,0.00,0.00,0.00,admin25+,4,PENDIENTE,0.00,,0
215,61,2025-11-20,2025-11-25,0,10,PLANSEG,2026-02-03,0.0000,130000.00,0.00,0.00,0.00,0.00,admin25+,4,PENDIENTE,0.00,,0
216,61,2025-11-20,2025-11-25,0,11,PLANCAP,2026-03-03,0.0000,255192.33,0.00,0.00,0.00,0.00,admin25+,5,PENDIENTE,0.00,,0
217,61,2025-11-20,2025-11-25,0,12,PLANINT,2026-03-03,0.0000,2176.83,0.00,0.00,0.00,0.00,admin25+,5,PENDIENTE,0.00,,0
218,61,2025-11-20,2025-11-25,0,13,PLANSEG,2026-03-03,0.0000,130000.00,0.00,0.00,0.00,0.00,admin25+,5,PENDIENTE,0.00,,0
219,61,2025-11-20,2025-11-25,0,14,PLANCAP,2026-04-03,0.0000,255553.85,0.00,0.00,0.00,0.00,admin25+,6,PENDIENTE,0.00,,0
220,61,2025-11-20,2025-11-25,0,15,PLANINT,2026-04-03,0.0000,1815.31,0.00,0.00,0.00,0.00,admin25+,6,PENDIENTE,0.00,,0
221,61,2025-11-20,2025-11-25,0,16,PLANSEG,2026-04-03,0.0000,130000.00,0.00,0.00,0.00,0.00,admin25+,6,PENDIENTE,0.00,,0
222,61,2025-11-20,2025-11-25,0,17,PLANCAP,2026-05-03,0.0000,255915.89,0.00,0.00,0.00,0.00,admin25+,7,PENDIENTE,0.00,,0
223,61,2025-11-20,2025-11-25,0,18,PLANINT,2026-05-03,0.0000,1453.27,0.00,0.00,0.00,0.00,admin25+,7,PENDIENTE,0.00,,0
224,61,2025-11-20,2025-11-25,0,19,PLANSEG,2026-05-03,0.0000,130000.00,0.00,0.00,0.00,0.00,admin25+,7,PENDIENTE,0.00,,0
225,61,2025-11-20,2025-11-25,0,20,PLANCAP,2026-06-03,0.0000,256278.43,0.00,0.00,0.00,0.00,admin25+,8,PENDIENTE,0.00,,0
226,61,2025-11-20,2025-11-25,0,21,PLANINT,2026-06-03,0.0000,1090.73,0.00,0.00,0.00,0.00,admin25+,8,PENDIENTE,0.00,,0
227,61,2025-11-20,2025-11-25,0,22,PLANSEG,2026-06-03,0.0000,130000.00,0.00,0.00,0.00,0.00,admin25+,8,PENDIENTE,0.00,,0
228,61,2025-11-20,2025-11-25,0,23,PLANCAP,2026-07-03,0.0000,256641.49,0.00,0.00,0.00,0.00,admin25+,9,PENDIENTE,0.00,,0
229,61,2025-11-20,2025-11-25,0,24,PLANINT,2026-07-03,0.0000,727.67,0.00,0.00,0.00,0.00,admin25+,9,PENDIENTE,0.00,,0
230,61,2025-11-20,2025-11-25,0,25,PLANSEG,2026-07-03,0.0000,130000.00,0.00,0.00,0.00,0.00,admin25+,9,PENDIENTE,0.00,,0
231,61,2025-11-20,2025-11-25,0,26,PLANCAP,2026-08-03,0.0000,257005.04,0.00,0.00,0.00,0.00,admin25+,10,PENDIENTE,0.00,,0
232,61,2025-11-20,2025-11-25,0,27,PLANINT,2026-08-03,0.0000,364.12,0.00,0.00,0.00,0.00,admin25+,10,PENDIENTE,0.00,,0
233,61,2025-11-20,2025-11-25,0,28,PLANSEG,2026-08-03,0.0000,130000.00,0.00,0.00,0.00,0.00,admin25+,10,PENDIENTE,0.00,,0
234,60,2025-11-20,2025-11-25,0,0,PLANCAP,2025-11-20,0.0000,700000.00,0.00,0.00,0.00,0.00,admin25+,1,PENDIENTE,0.00,,0
235,60,2025-11-20,2025-11-25,0,1,PLANSEG,2025-11-20,0.0000,150000.00,0.00,0.00,0.00,0.00,admin25+,1,PENDIENTE,0.00,,0
236,60,2025-11-20,2025-11-25,0,2,PLANCAP,2025-12-03,0.0000,254110.83,0.00,0.00,0.00,0.00,admin25+,2,PENDIENTE,0.00,,0
237,60,2025-11-20,2025-11-25,0,3,PLANINT,2025-12-03,0.0000,3258.33,0.00,0.00,0.00,0.00,admin25+,2,PENDIENTE,0.00,,0
238,60,2025-11-20,2025-11-25,0,4,PLANSEG,2025-12-03,0.0000,150000.00,0.00,0.00,0.00,0.00,admin25+,2,PENDIENTE,0.00,,0
239,60,2025-11-20,2025-11-25,0,5,PLANCAP,2026-01-03,0.0000,254470.82,0.00,0.00,0.00,0.00,admin25+,3,PENDIENTE,0.00,,0
240,60,2025-11-20,2025-11-25,0,6,PLANINT,2026-01-03,0.0000,2898.34,0.00,0.00,0.00,0.00,admin25+,3,PENDIENTE,0.00,,0
241,60,2025-11-20,2025-11-25,0,7,PLANSEG,2026-01-03,0.0000,150000.00,0.00,0.00,0.00,0.00,admin25+,3,PENDIENTE,0.00,,0
242,60,2025-11-20,2025-11-25,0,8,PLANCAP,2026-02-03,0.0000,254831.32,0.00,0.00,0.00,0.00,admin25+,4,PENDIENTE,0.00,,0
243,60,2025-11-20,2025-11-25,0,9,PLANINT,2026-02-03,0.0000,2537.84,0.00,0.00,0.00,0.00,admin25+,4,PENDIENTE,0.00,,0
244,60,2025-11-20,2025-11-25,0,10,PLANSEG,2026-02-03,0.0000,150000.00,0.00,0.00,0.00,0.00,admin25+,4,PENDIENTE,0.00,,0
245,60,2025-11-20,2025-11-25,0,11,PLANCAP,2026-03-03,0.0000,255192.33,0.00,0.00,0.00,0.00,admin25+,5,PENDIENTE,0.00,,0
246,60,2025-11-20,2025-11-25,0,12,PLANINT,2026-03-03,0.0000,2176.83,0.00,0.00,0.00,0.00,admin25+,5,PENDIENTE,0.00,,0
247,60,2025-11-20,2025-11-25,0,13,PLANSEG,2026-03-03,0.0000,150000.00,0.00,0.00,0.00,0.00,admin25+,5,PENDIENTE,0.00,,0
248,60,2025-11-20,2025-11-25,0,14,PLANCAP,2026-04-03,0.0000,255553.85,0.00,0.00,0.00,0.00,admin25+,6,PENDIENTE,0.00,,0
249,60,2025-11-20,2025-11-25,0,15,PLANINT,2026-04-03,0.0000,1815.31,0.00,0.00,0.00,0.00,admin25+,6,PENDIENTE,0.00,,0
250,60,2025-11-20,2025-11-25,0,16,PLANSEG,2026-04-03,0.0000,150000.00,0.00,0.00,0.00,0.00,admin25+,6,PENDIENTE,0.00,,0
251,60,2025-11-20,2025-11-25,0,17,PLANCAP,2026-05-03,0.0000,255915.89,0.00,0.00,0.00,0.00,admin25+,7,PENDIENTE,0.00,,0
252,60,2025-11-20,2025-11-25,0,18,PLANINT,2026-05-03,0.0000,1453.27,0.00,0.00,0.00,0.00,admin25+,7,PENDIENTE,0.00,,0
253,60,2025-11-20,2025-11-25,0,19,PLANSEG,2026-05-03,0.0000,150000.00,0.00,0.00,0.00,0.00,admin25+,7,PENDIENTE,0.00,,0
254,60,2025-11-20,2025-11-25,0,20,PLANCAP,2026-06-03,0.0000,256278.43,0.00,0.00,0.00,0.00,admin25+,8,PENDIENTE,0.00,,0
255,60,2025-11-20,2025-11-25,0,21,PLANINT,2026-06-03,0.0000,1090.73,0.00,0.00,0.00,0.00,admin25+,8,PENDIENTE,0.00,,0
256,60,2025-11-20,2025-11-25,0,22,PLANSEG,2026-06-03,0.0000,150000.00,0.00,0.00,0.00,0.00,admin25+,8,PENDIENTE,0.00,,0
257,60,2025-11-20,2025-11-25,0,23,PLANCAP,2026-07-03,0.0000,256641.49,0.00,0.00,0.00,0.00,admin25+,9,PENDIENTE,0.00,,0
258,60,2025-11-20,2025-11-25,0,24,PLANINT,2026-07-03,0.0000,727.67,0.00,0.00,0.00,0.00,admin25+,9,PENDIENTE,0.00,,0
259,60,2025-11-20,2025-11-25,0,25,PLANSEG,2026-07-03,0.0000,150000.00,0.00,0.00,0.00,0.00,admin25+,9,PENDIENTE,0.00,,0
260,60,2025-11-20,2025-11-25,0,26,PLANCAP,2026-08-03,0.0000,257005.04,0.00,0.00,0.00,0.00,admin25+,10,PENDIENTE,0.00,,0
261,60,2025-11-20,2025-11-25,0,27,PLANINT,2026-08-03,0.0000,364.12,0.00,0.00,0.00,0.00,admin25+,10,PENDIENTE,0.00,,0
262,60,2025-11-20,2025-11-25,0,28,PLANSEG,2026-08-03,0.0000,150000.00,0.00,0.00,0.00,0.00,admin25+,10,PENDIENTE,0.00,,0
263,63,2025-11-24,2025-11-25,0,0,PLANCAP,2025-11-24,0.0000,2000000.00,0.00,0.00,0.00,0.00,admin25+,1,PENDIENTE,0.00,,0
264,63,2025-11-24,2025-11-25,0,1,PLANCAP,2025-12-24,0.0000,884453.70,0.00,0.00,0.00,0.00,admin25+,2,PENDIENTE,0.00,,0
265,63,2025-11-24,2025-11-25,0,2,PLANINT,2025-12-24,0.0000,10000.00,0.00,0.00,0.00,0.00,admin25+,2,PENDIENTE,0.00,,0
266,63,2025-11-24,2025-11-25,0,3,PLANSEG,2025-12-24,0.0000,420000.00,0.00,0.00,0.00,0.00,admin25+,2,PENDIENTE,0.00,,0
267,63,2025-11-24,2025-11-25,0,4,PLANCAP,2026-01-24,0.0000,885559.27,0.00,0.00,0.00,0.00,admin25+,3,PENDIENTE,0.00,,0
268,63,2025-11-24,2025-11-25,0,5,PLANINT,2026-01-24,0.0000,8894.43,0.00,0.00,0.00,0.00,admin25+,3,PENDIENTE,0.00,,0
269,63,2025-11-24,2025-11-25,0,6,PLANSEG,2026-01-24,0.0000,420000.00,0.00,0.00,0.00,0.00,admin25+,3,PENDIENTE,0.00,,0
270,63,2025-11-24,2025-11-25,0,7,PLANCAP,2026-02-24,0.0000,886666.22,0.00,0.00,0.00,0.00,admin25+,4,PENDIENTE,0.00,,0
271,63,2025-11-24,2025-11-25,0,8,PLANINT,2026-02-24,0.0000,7787.48,0.00,0.00,0.00,0.00,admin25+,4,PENDIENTE,0.00,,0
272,63,2025-11-24,2025-11-25,0,9,PLANSEG,2026-02-24,0.0000,420000.00,0.00,0.00,0.00,0.00,admin25+,4,PENDIENTE,0.00,,0
273,63,2025-11-24,2025-11-25,0,10,PLANCAP,2026-03-24,0.0000,887774.55,0.00,0.00,0.00,0.00,admin25+,5,PENDIENTE,0.00,,0
274,63,2025-11-24,2025-11-25,0,11,PLANINT,2026-03-24,0.0000,6679.15,0.00,0.00,0.00,0.00,admin25+,5,PENDIENTE,0.00,,0
275,63,2025-11-24,2025-11-25,0,12,PLANSEG,2026-03-24,0.0000,420000.00,0.00,0.00,0.00,0.00,admin25+,5,PENDIENTE,0.00,,0
276,63,2025-11-24,2025-11-25,0,13,PLANCAP,2026-04-24,0.0000,888884.27,0.00,0.00,0.00,0.00,admin25+,6,PENDIENTE,0.00,,0
277,63,2025-11-24,2025-11-25,0,14,PLANINT,2026-04-24,0.0000,5569.43,0.00,0.00,0.00,0.00,admin25+,6,PENDIENTE,0.00,,0
278,63,2025-11-24,2025-11-25,0,15,PLANSEG,2026-04-24,0.0000,420000.00,0.00,0.00,0.00,0.00,admin25+,6,PENDIENTE,0.00,,0
279,63,2025-11-24,2025-11-25,0,16,PLANCAP,2026-05-24,0.0000,889995.37,0.00,0.00,0.00,0.00,admin25+,7,PENDIENTE,0.00,,0
280,63,2025-11-24,2025-11-25,0,17,PLANINT,2026-05-24,0.0000,4458.33,0.00,0.00,0.00,0.00,admin25+,7,PENDIENTE,0.00,,0
281,63,2025-11-24,2025-11-25,0,18,PLANSEG,2026-05-24,0.0000,420000.00,0.00,0.00,0.00,0.00,admin25+,7,PENDIENTE,0.00,,0
282,63,2025-11-24,2025-11-25,0,19,PLANCAP,2026-06-24,0.0000,891107.87,0.00,0.00,0.00,0.00,admin25+,8,PENDIENTE,0.00,,0
283,63,2025-11-24,2025-11-25,0,20,PLANINT,2026-06-24,0.0000,3345.83,0.00,0.00,0.00,0.00,admin25+,8,PENDIENTE,0.00,,0
284,63,2025-11-24,2025-11-25,0,21,PLANSEG,2026-06-24,0.0000,420000.00,0.00,0.00,0.00,0.00,admin25+,8,PENDIENTE,0.00,,0
285,63,2025-11-24,2025-11-25,0,22,PLANCAP,2026-07-24,0.0000,892221.75,0.00,0.00,0.00,0.00,admin25+,9,PENDIENTE,0.00,,0
286,63,2025-11-24,2025-11-25,0,23,PLANINT,2026-07-24,0.0000,2231.95,0.00,0.00,0.00,0.00,admin25+,9,PENDIENTE,0.00,,0
287,63,2025-11-24,2025-11-25,0,24,PLANSEG,2026-07-24,0.0000,420000.00,0.00,0.00,0.00,0.00,admin25+,9,PENDIENTE,0.00,,0
288,63,2025-11-24,2025-11-25,0,25,PLANCAP,2026-08-24,0.0000,893337.00,0.00,0.00,0.00,0.00,admin25+,10,PENDIENTE,0.00,,0
289,63,2025-11-24,2025-11-25,0,26,PLANINT,2026-08-24,0.0000,1116.70,0.00,0.00,0.00,0.00,admin25+,10,PENDIENTE,0.00,,0
290,63,2025-11-24,2025-11-25,0,27,PLANSEG,2026-08-24,0.0000,420000.00,0.00,0.00,0.00,0.00,admin25+,10,PENDIENTE,0.00,,0
291,62,2025-11-23,2025-11-25,0,0,PLANCAP,2025-11-23,0.0000,1000000.00,0.00,0.00,0.00,0.00,admin25+,1,PENDIENTE,0.00,,0
292,62,2025-11-23,2025-11-25,0,1,PLANCAP,2025-12-23,0.0000,441931.86,0.00,0.00,0.00,0.00,admin25+,2,PENDIENTE,0.00,,0
293,62,2025-11-23,2025-11-25,0,2,PLANINT,2025-12-23,0.0000,5666.67,0.00,0.00,0.00,0.00,admin25+,2,PENDIENTE,0.00,,0
294,62,2025-11-23,2025-11-25,0,3,PLANSEG,2025-12-23,0.0000,250000.00,0.00,0.00,0.00,0.00,admin25+,2,PENDIENTE,0.00,,0
295,62,2025-11-23,2025-11-25,0,4,PLANCAP,2026-01-23,0.0000,442557.93,0.00,0.00,0.00,0.00,admin25+,3,PENDIENTE,0.00,,0
296,62,2025-11-23,2025-11-25,0,5,PLANINT,2026-01-23,0.0000,5040.60,0.00,0.00,0.00,0.00,admin25+,3,PENDIENTE,0.00,,0
297,62,2025-11-23,2025-11-25,0,6,PLANSEG,2026-01-23,0.0000,250000.00,0.00,0.00,0.00,0.00,admin25+,3,PENDIENTE,0.00,,0
298,62,2025-11-23,2025-11-25,0,7,PLANCAP,2026-02-23,0.0000,443184.89,0.00,0.00,0.00,0.00,admin25+,4,PENDIENTE,0.00,,0
299,62,2025-11-23,2025-11-25,0,8,PLANINT,2026-02-23,0.0000,4413.64,0.00,0.00,0.00,0.00,admin25+,4,PENDIENTE,0.00,,0
300,62,2025-11-23,2025-11-25,0,9,PLANSEG,2026-02-23,0.0000,250000.00,0.00,0.00,0.00,0.00,admin25+,4,PENDIENTE,0.00,,0
301,62,2025-11-23,2025-11-25,0,10,PLANCAP,2026-03-23,0.0000,443812.74,0.00,0.00,0.00,0.00,admin25+,5,PENDIENTE,0.00,,0
302,62,2025-11-23,2025-11-25,0,11,PLANINT,2026-03-23,0.0000,3785.79,0.00,0.00,0.00,0.00,admin25+,5,PENDIENTE,0.00,,0
303,62,2025-11-23,2025-11-25,0,12,PLANSEG,2026-03-23,0.0000,250000.00,0.00,0.00,0.00,0.00,admin25+,5,PENDIENTE,0.00,,0
304,62,2025-11-23,2025-11-25,0,13,PLANCAP,2026-04-23,0.0000,444441.47,0.00,0.00,0.00,0.00,admin25+,6,PENDIENTE,0.00,,0
305,62,2025-11-23,2025-11-25,0,14,PLANINT,2026-04-23,0.0000,3157.06,0.00,0.00,0.00,0.00,admin25+,6,PENDIENTE,0.00,,0
306,62,2025-11-23,2025-11-25,0,15,PLANSEG,2026-04-23,0.0000,250000.00,0.00,0.00,0.00,0.00,admin25+,6,PENDIENTE,0.00,,0
307,62,2025-11-23,2025-11-25,0,16,PLANCAP,2026-05-23,0.0000,445071.10,0.00,0.00,0.00,0.00,admin25+,7,PENDIENTE,0.00,,0
308,62,2025-11-23,2025-11-25,0,17,PLANINT,2026-05-23,0.0000,2527.43,0.00,0.00,0.00,0.00,admin25+,7,PENDIENTE,0.00,,0
309,62,2025-11-23,2025-11-25,0,18,PLANSEG,2026-05-23,0.0000,250000.00,0.00,0.00,0.00,0.00,admin25+,7,PENDIENTE,0.00,,0
310,62,2025-11-23,2025-11-25,0,19,PLANCAP,2026-06-23,0.0000,445701.61,0.00,0.00,0.00,0.00,admin25+,8,PENDIENTE,0.00,,0
311,62,2025-11-23,2025-11-25,0,20,PLANINT,2026-06-23,0.0000,1896.92,0.00,0.00,0.00,0.00,admin25+,8,PENDIENTE,0.00,,0
312,62,2025-11-23,2025-11-25,0,21,PLANSEG,2026-06-23,0.0000,250000.00,0.00,0.00,0.00,0.00,admin25+,8,PENDIENTE,0.00,,0
313,62,2025-11-23,2025-11-25,0,22,PLANCAP,2026-07-23,0.0000,446333.02,0.00,0.00,0.00,0.00,admin25+,9,PENDIENTE,0.00,,0
314,62,2025-11-23,2025-11-25,0,23,PLANINT,2026-07-23,0.0000,1265.51,0.00,0.00,0.00,0.00,admin25+,9,PENDIENTE,0.00,,0
315,62,2025-11-23,2025-11-25,0,24,PLANSEG,2026-07-23,0.0000,250000.00,0.00,0.00,0.00,0.00,admin25+,9,PENDIENTE,0.00,,0
316,62,2025-11-23,2025-11-25,0,25,PLANCAP,2026-08-23,0.0000,446965.38,0.00,0.00,0.00,0.00,admin25+,10,PENDIENTE,0.00,,0
317,62,2025-11-23,2025-11-25,0,26,PLANINT,2026-08-23,0.0000,633.15,0.00,0.00,0.00,0.00,admin25+,10,PENDIENTE,0.00,,0
318,62,2025-11-23,2025-11-25,0,27,PLANSEG,2026-08-23,0.0000,250000.00,0.00,0.00,0.00,0.00,admin25+,10,PENDIENTE,0.00,,0
507,90001,2025-09-15,2025-09-15,0,0,DES,2027-03-15,12.5000,620310.00,0.00,0.00,0.00,0.00,admin25+,0,TRANSACCION ,0.00,,0
508,90001,2025-09-15,2025-11-27,0,0,PLANCAP,2025-09-15,0.0000,124062.00,0.00,0.00,0.00,0.00,admin25+,1,PENDIENTE,0.00,,0
509,90001,2025-09-15,2025-11-27,0,1,PLANCAP,2025-10-15,0.0000,26834.06,0.00,0.00,0.00,0.00,admin25+,2,PENDIENTE,0.00,,0
510,90001,2025-09-15,2025-11-27,0,2,PLANINT,2025-10-15,0.0000,5169.25,0.00,0.00,0.00,0.00,admin25+,2,PENDIENTE,0.00,,0
511,90001,2025-09-15,2025-11-27,0,3,PLANSEG,2025-10-15,0.0000,24812.00,0.00,0.00,0.00,0.00,admin25+,2,PENDIENTE,0.00,,0
512,90001,2025-09-15,2025-11-27,0,4,PLANCAP,2025-11-15,0.0000,27113.58,0.00,0.00,0.00,0.00,admin25+,3,PENDIENTE,0.00,,0
513,90001,2025-09-15,2025-11-27,0,5,PLANINT,2025-11-15,0.0000,4889.73,0.00,0.00,0.00,0.00,admin25+,3,PENDIENTE,0.00,,0
514,90001,2025-09-15,2025-11-27,0,6,PLANSEG,2025-11-15,0.0000,24812.00,0.00,0.00,0.00,0.00,admin25+,3,PENDIENTE,0.00,,0
515,90001,2025-09-15,2025-11-27,0,7,PLANCAP,2025-12-15,0.0000,27396.01,0.00,0.00,0.00,0.00,admin25+,4,PENDIENTE,0.00,,0
516,90001,2025-09-15,2025-11-27,0,8,PLANINT,2025-12-15,0.0000,4607.30,0.00,0.00,0.00,0.00,admin25+,4,PENDIENTE,0.00,,0
517,90001,2025-09-15,2025-11-27,0,9,PLANSEG,2025-12-15,0.0000,24812.00,0.00,0.00,0.00,0.00,admin25+,4,PENDIENTE,0.00,,0
518,90001,2025-09-15,2025-11-27,0,10,PLANCAP,2026-01-15,0.0000,27681.39,0.00,0.00,0.00,0.00,admin25+,5,PENDIENTE,0.00,,0
519,90001,2025-09-15,2025-11-27,0,11,PLANINT,2026-01-15,0.0000,4321.92,0.00,0.00,0.00,0.00,admin25+,5,PENDIENTE,0.00,,0
520,90001,2025-09-15,2025-11-27,0,12,PLANSEG,2026-01-15,0.0000,24812.00,0.00,0.00,0.00,0.00,admin25+,5,PENDIENTE,0.00,,0
521,90001,2025-09-15,2025-11-27,0,13,PLANCAP,2026-02-15,0.0000,27969.74,0.00,0.00,0.00,0.00,admin25+,6,PENDIENTE,0.00,,0
522,90001,2025-09-15,2025-11-27,0,14,PLANINT,2026-02-15,0.0000,4033.57,0.00,0.00,0.00,0.00,admin25+,6,PENDIENTE,0.00,,0
523,90001,2025-09-15,2025-11-27,0,15,PLANSEG,2026-02-15,0.0000,24812.00,0.00,0.00,0.00,0.00,admin25+,6,PENDIENTE,0.00,,0
524,90001,2025-09-15,2025-11-27,0,16,PLANCAP,2026-03-15,0.0000,28261.09,0.00,0.00,0.00,0.00,admin25+,7,PENDIENTE,0.00,,0
525,90001,2025-09-15,2025-11-27,0,17,PLANINT,2026-03-15,0.0000,3742.22,0.00,0.00,0.00,0.00,admin25+,7,PENDIENTE,0.00,,0
526,90001,2025-09-15,2025-11-27,0,18,PLANSEG,2026-03-15,0.0000,24812.00,0.00,0.00,0.00,0.00,admin25+,7,PENDIENTE,0.00,,0
527,90001,2025-09-15,2025-11-27,0,19,PLANCAP,2026-04-15,0.0000,28555.48,0.00,0.00,0.00,0.00,admin25+,8,PENDIENTE,0.00,,0
528,90001,2025-09-15,2025-11-27,0,20,PLANINT,2026-04-15,0.0000,3447.83,0.00,0.00,0.00,0.00,admin25+,8,PENDIENTE,0.00,,0
529,90001,2025-09-15,2025-11-27,0,21,PLANSEG,2026-04-15,0.0000,24812.00,0.00,0.00,0.00,0.00,admin25+,8,PENDIENTE,0.00,,0
530,90001,2025-09-15,2025-11-27,0,22,PLANCAP,2026-05-15,0.0000,28852.93,0.00,0.00,0.00,0.00,admin25+,9,PENDIENTE,0.00,,0
531,90001,2025-09-15,2025-11-27,0,23,PLANINT,2026-05-15,0.0000,3150.38,0.00,0.00,0.00,0.00,admin25+,9,PENDIENTE,0.00,,0
532,90001,2025-09-15,2025-11-27,0,24,PLANSEG,2026-05-15,0.0000,24812.00,0.00,0.00,0.00,0.00,admin25+,9,PENDIENTE,0.00,,0
533,90001,2025-09-15,2025-11-27,0,25,PLANCAP,2026-06-15,0.0000,29153.48,0.00,0.00,0.00,0.00,admin25+,10,PENDIENTE,0.00,,0
534,90001,2025-09-15,2025-11-27,0,26,PLANINT,2026-06-15,0.0000,2849.83,0.00,0.00,0.00,0.00,admin25+,10,PENDIENTE,0.00,,0
535,90001,2025-09-15,2025-11-27,0,27,PLANSEG,2026-06-15,0.0000,24812.00,0.00,0.00,0.00,0.00,admin25+,10,PENDIENTE,0.00,,0
536,90001,2025-09-15,2025-11-27,0,28,PLANCAP,2026-07-15,0.0000,29457.16,0.00,0.00,0.00,0.00,admin25+,11,PENDIENTE,0.00,,0
537,90001,2025-09-15,2025-11-27,0,29,PLANINT,2026-07-15,0.0000,2546.15,0.00,0.00,0.00,0.00,admin25+,11,PENDIENTE,0.00,,0
538,90001,2025-09-15,2025-11-27,0,30,PLANSEG,2026-07-15,0.0000,24812.00,0.00,0.00,0.00,0.00,admin25+,11,PENDIENTE,0.00,,0
539,90001,2025-09-15,2025-11-27,0,31,PLANCAP,2026-08-15,0.0000,29764.01,0.00,0.00,0.00,0.00,admin25+,12,PENDIENTE,0.00,,0
540,90001,2025-09-15,2025-11-27,0,32,PLANINT,2026-08-15,0.0000,2239.30,0.00,0.00,0.00,0.00,admin25+,12,PENDIENTE,0.00,,0
541,90001,2025-09-15,2025-11-27,0,33,PLANSEG,2026-08-15,0.0000,24812.00,0.00,0.00,0.00,0.00,admin25+,12,PENDIENTE,0.00,,0
542,90001,2025-09-15,2025-11-27,0,34,PLANCAP,2026-09-15,0.0000,30074.05,0.00,0.00,0.00,0.00,admin25+,13,PENDIENTE,0.00,,0
543,90001,2025-09-15,2025-11-27,0,35,PLANINT,2026-09-15,0.0000,1929.26,0.00,0.00,0.00,0.00,admin25+,13,PENDIENTE,0.00,,0
544,90001,2025-09-15,2025-11-27,0,36,PLANSEG,2026-09-15,0.0000,24812.00,0.00,0.00,0.00,0.00,admin25+,13,PENDIENTE,0.00,,0
545,90001,2025-09-15,2025-11-27,0,37,PLANCAP,2026-10-15,0.0000,30387.32,0.00,0.00,0.00,0.00,admin25+,14,PENDIENTE,0.00,,0
546,90001,2025-09-15,2025-11-27,0,38,PLANINT,2026-10-15,0.0000,1615.99,0.00,0.00,0.00,0.00,admin25+,14,PENDIENTE,0.00,,0
547,90001,2025-09-15,2025-11-27,0,39,PLANSEG,2026-10-15,0.0000,24812.00,0.00,0.00,0.00,0.00,admin25+,14,PENDIENTE,0.00,,0
548,90001,2025-09-15,2025-11-27,0,40,PLANCAP,2026-11-15,0.0000,30703.85,0.00,0.00,0.00,0.00,admin25+,15,PENDIENTE,0.00,,0
549,90001,2025-09-15,2025-11-27,0,41,PLANINT,2026-11-15,0.0000,1299.46,0.00,0.00,0.00,0.00,admin25+,15,PENDIENTE,0.00,,0
550,90001,2025-09-15,2025-11-27,0,42,PLANSEG,2026-11-15,0.0000,24812.00,0.00,0.00,0.00,0.00,admin25+,15,PENDIENTE,0.00,,0
551,90001,2025-09-15,2025-11-27,0,43,PLANCAP,2026-12-15,0.0000,31023.69,0.00,0.00,0.00,0.00,admin25+,16,PENDIENTE,0.00,,0
552,90001,2025-09-15,2025-11-27,0,44,PLANINT,2026-12-15,0.0000,979.62,0.00,0.00,0.00,0.00,admin25+,16,PENDIENTE,0.00,,0
553,90001,2025-09-15,2025-11-27,0,45,PLANSEG,2026-12-15,0.0000,24812.00,0.00,0.00,0.00,0.00,admin25+,16,PENDIENTE,0.00,,0
554,90001,2025-09-15,2025-11-27,0,46,PLANCAP,2027-01-15,0.0000,31346.85,0.00,0.00,0.00,0.00,admin25+,17,PENDIENTE,0.00,,0
555,90001,2025-09-15,2025-11-27,0,47,PLANINT,2027-01-15,0.0000,656.46,0.00,0.00,0.00,0.00,admin25+,17,PENDIENTE,0.00,,0
556,90001,2025-09-15,2025-11-27,0,48,PLANSEG,2027-01-15,0.0000,24812.00,0.00,0.00,0.00,0.00,admin25+,17,PENDIENTE,0.00,,0
557,90001,2025-09-15,2025-11-27,0,49,PLANCAP,2027-02-15,0.0000,31673.31,0.00,0.00,0.00,0.00,admin25+,18,PENDIENTE,0.00,,0
558,90001,2025-09-15,2025-11-27,0,50,PLANINT,2027-02-15,0.0000,330.00,0.00,0.00,0.00,0.00,admin25+,18,PENDIENTE,0.00,,0
559,90001,2025-09-15,2025-11-27,0,51,PLANSEG,2027-02-15,0.0000,24812.00,0.00,0.00,0.00,0.00,admin25+,18,PENDIENTE,0.00,,0
993,90008,2025-08-29,2025-11-27,1,0,DES,2027-08-29,21.6000,2321000.00,0.00,0.00,0.00,0.00,admin25+,0,TRANSACCION ,0.00,,0
998,90008,,2025-11-27,304,4,PLANCAP,2025-10-28,0.0000,67069.17,0.00,0.00,0.00,0.00,admin25+,3,PENDIENTE,0.00,,0
999,90008,,2025-11-27,305,5,PLANINT,2025-10-28,0.0000,32236.50,0.00,0.00,0.00,0.00,admin25+,3,PENDIENTE,0.00,,0
1000,90008,,2025-11-27,306,6,PLANSEG,2025-10-28,0.0000,92840.00,0.00,0.00,0.00,0.00,admin25+,3,PENDIENTE,0.00,,0
1001,90008,,2025-11-27,307,7,PLANCAP,2025-11-28,0.0000,68276.41,0.00,0.00,0.00,0.00,admin25+,4,PENDIENTE,0.00,,0
1002,90008,,2025-11-27,308,8,PLANINT,2025-11-28,0.0000,31029.26,0.00,0.00,0.00,0.00,admin25+,4,PENDIENTE,0.00,,0
1003,90008,,2025-11-27,309,9,PLANSEG,2025-11-28,0.0000,92840.00,0.00,0.00,0.00,0.00,admin25+,4,PENDIENTE,0.00,,0
1004,90008,,2025-11-27,310,10,PLANCAP,2025-12-28,0.0000,69505.39,0.00,0.00,0.00,0.00,admin25+,5,PENDIENTE,0.00,,0
1005,90008,,2025-11-27,311,11,PLANINT,2025-12-28,0.0000,29800.28,0.00,0.00,0.00,0.00,admin25+,5,PENDIENTE,0.00,,0
1006,90008,,2025-11-27,312,12,PLANSEG,2025-12-28,0.0000,92840.00,0.00,0.00,0.00,0.00,admin25+,5,PENDIENTE,0.00,,0
1007,90008,,2025-11-27,313,13,PLANCAP,2026-01-28,0.0000,70756.49,0.00,0.00,0.00,0.00,admin25+,6,PENDIENTE,0.00,,0
1008,90008,,2025-11-27,314,14,PLANINT,2026-01-28,0.0000,28549.18,0.00,0.00,0.00,0.00,admin25+,6,PENDIENTE,0.00,,0
1009,90008,,2025-11-27,315,15,PLANSEG,2026-01-28,0.0000,92840.00,0.00,0.00,0.00,0.00,admin25+,6,PENDIENTE,0.00,,0
1010,90008,,2025-11-27,316,16,PLANCAP,2026-02-28,0.0000,72030.10,0.00,0.00,0.00,0.00,admin25+,7,PENDIENTE,0.00,,0
1011,90008,,2025-11-27,317,17,PLANINT,2026-02-28,0.0000,27275.57,0.00,0.00,0.00,0.00,admin25+,7,PENDIENTE,0.00,,0
1012,90008,,2025-11-27,318,18,PLANSEG,2026-02-28,0.0000,92840.00,0.00,0.00,0.00,0.00,admin25+,7,PENDIENTE,0.00,,0
1013,90008,,2025-11-27,319,19,PLANCAP,2026-03-28,0.0000,73326.64,0.00,0.00,0.00,0.00,admin25+,8,PENDIENTE,0.00,,0
1014,90008,,2025-11-27,320,20,PLANINT,2026-03-28,0.0000,25979.03,0.00,0.00,0.00,0.00,admin25+,8,PENDIENTE,0.00,,0
1015,90008,,2025-11-27,321,21,PLANSEG,2026-03-28,0.0000,92840.00,0.00,0.00,0.00,0.00,admin25+,8,PENDIENTE,0.00,,0
1016,90008,,2025-11-27,322,22,PLANCAP,2026-04-28,0.0000,74646.52,0.00,0.00,0.00,0.00,admin25+,9,PENDIENTE,0.00,,0
1017,90008,,2025-11-27,323,23,PLANINT,2026-04-28,0.0000,24659.15,0.00,0.00,0.00,0.00,admin25+,9,PENDIENTE,0.00,,0
1018,90008,,2025-11-27,324,24,PLANSEG,2026-04-28,0.0000,92840.00,0.00,0.00,0.00,0.00,admin25+,9,PENDIENTE,0.00,,0
1019,90008,,2025-11-27,325,25,PLANCAP,2026-05-28,0.0000,75990.16,0.00,0.00,0.00,0.00,admin25+,10,PENDIENTE,0.00,,0
1020,90008,,2025-11-27,326,26,PLANINT,2026-05-28,0.0000,23315.51,0.00,0.00,0.00,0.00,admin25+,10,PENDIENTE,0.00,,0
1021,90008,,2025-11-27,327,27,PLANSEG,2026-05-28,0.0000,92840.00,0.00,0.00,0.00,0.00,admin25+,10,PENDIENTE,0.00,,0
1022,90008,,2025-11-27,328,28,PLANCAP,2026-06-28,0.0000,77357.98,0.00,0.00,0.00,0.00,admin25+,11,PENDIENTE,0.00,,0
1023,90008,,2025-11-27,329,29,PLANINT,2026-06-28,0.0000,21947.69,0.00,0.00,0.00,0.00,admin25+,11,PENDIENTE,0.00,,0
1024,90008,,2025-11-27,330,30,PLANSEG,2026-06-28,0.0000,92840.00,0.00,0.00,0.00,0.00,admin25+,11,PENDIENTE,0.00,,0
1025,90008,,2025-11-27,331,31,PLANCAP,2026-07-28,0.0000,78750.43,0.00,0.00,0.00,0.00,admin25+,12,PENDIENTE,0.00,,0
1026,90008,,2025-11-27,332,32,PLANINT,2026-07-28,0.0000,20555.24,0.00,0.00,0.00,0.00,admin25+,12,PENDIENTE,0.00,,0
1027,90008,,2025-11-27,333,33,PLANSEG,2026-07-28,0.0000,92840.00,0.00,0.00,0.00,0.00,admin25+,12,PENDIENTE,0.00,,0
1028,90008,,2025-11-27,334,34,PLANCAP,2026-08-28,0.0000,80167.94,0.00,0.00,0.00,0.00,admin25+,13,PENDIENTE,0.00,,0
1029,90008,,2025-11-27,335,35,PLANINT,2026-08-28,0.0000,19137.73,0.00,0.00,0.00,0.00,admin25+,13,PENDIENTE,0.00,,0
1030,90008,,2025-11-27,336,36,PLANSEG,2026-08-28,0.0000,92840.00,0.00,0.00,0.00,0.00,admin25+,13,PENDIENTE,0.00,,0
1031,90008,,2025-11-27,337,37,PLANCAP,2026-09-28,0.0000,81610.96,0.00,0.00,0.00,0.00,admin25+,14,PENDIENTE,0.00,,0
1032,90008,,2025-11-27,338,38,PLANINT,2026-09-28,0.0000,17694.71,0.00,0.00,0.00,0.00,admin25+,14,PENDIENTE,0.00,,0
1033,90008,,2025-11-27,339,39,PLANSEG,2026-09-28,0.0000,92840.00,0.00,0.00,0.00,0.00,admin25+,14,PENDIENTE,0.00,,0
1034,90008,,2025-11-27,340,40,PLANCAP,2026-10-28,0.0000,83079.96,0.00,0.00,0.00,0.00,admin25+,15,PENDIENTE,0.00,,0
1035,90008,,2025-11-27,341,41,PLANINT,2026-10-28,0.0000,16225.71,0.00,0.00,0.00,0.00,admin25+,15,PENDIENTE,0.00,,0
1036,90008,,2025-11-27,342,42,PLANSEG,2026-10-28,0.0000,92840.00,0.00,0.00,0.00,0.00,admin25+,15,PENDIENTE,0.00,,0
604,90007,2025-09-17,2025-11-27,1,0,DES,2026-07-17,21.6000,400000.00,0.00,0.00,0.00,0.00,admin25+,0,TRANSACCION ,0.00,,0
605,90007,,2025-11-27,300,0,PLANCAP,2025-09-17,0.0000,80000.00,0.00,0.00,0.00,0.00,admin25+,1,PENDIENTE,0.00,,0
606,90007,,2025-11-27,300,1,PLANCAP,2025-10-17,0.0000,33071.64,0.00,0.00,0.00,0.00,admin25+,2,PENDIENTE,0.00,,0
607,90007,,2025-11-27,302,2,PLANINT,2025-10-17,0.0000,5760.00,0.00,0.00,0.00,0.00,admin25+,2,PENDIENTE,0.00,,0
1037,90008,,2025-11-27,343,43,PLANCAP,2026-11-28,0.0000,84575.40,0.00,0.00,0.00,0.00,admin25+,16,PENDIENTE,0.00,,0
995,90008,2025-09-15,2025-09-30,20,1,PLANCAP,2025-09-28,0.0000,65883.27,65883.27,0.00,0.00,0.00,admin25+,2,PAGADA,0.00,,0
608,90007,,2025-11-27,300,3,PLANCAP,2025-11-17,0.0000,33666.93,0.00,0.00,0.00,0.00,admin25+,3,PENDIENTE,0.00,,0
609,90007,,2025-11-27,304,4,PLANINT,2025-11-17,0.0000,5164.71,0.00,0.00,0.00,0.00,admin25+,3,PENDIENTE,0.00,,0
610,90007,,2025-11-27,300,5,PLANCAP,2025-12-17,0.0000,34272.93,0.00,0.00,0.00,0.00,admin25+,4,PENDIENTE,0.00,,0
611,90007,,2025-11-27,306,6,PLANINT,2025-12-17,0.0000,4558.71,0.00,0.00,0.00,0.00,admin25+,4,PENDIENTE,0.00,,0
612,90007,,2025-11-27,300,7,PLANCAP,2026-01-17,0.0000,34889.85,0.00,0.00,0.00,0.00,admin25+,5,PENDIENTE,0.00,,0
613,90007,,2025-11-27,308,8,PLANINT,2026-01-17,0.0000,3941.79,0.00,0.00,0.00,0.00,admin25+,5,PENDIENTE,0.00,,0
614,90007,,2025-11-27,300,9,PLANCAP,2026-02-17,0.0000,35517.86,0.00,0.00,0.00,0.00,admin25+,6,PENDIENTE,0.00,,0
615,90007,,2025-11-27,310,10,PLANINT,2026-02-17,0.0000,3313.78,0.00,0.00,0.00,0.00,admin25+,6,PENDIENTE,0.00,,0
616,90007,,2025-11-27,300,11,PLANCAP,2026-03-17,0.0000,36157.19,0.00,0.00,0.00,0.00,admin25+,7,PENDIENTE,0.00,,0
617,90007,,2025-11-27,312,12,PLANINT,2026-03-17,0.0000,2674.45,0.00,0.00,0.00,0.00,admin25+,7,PENDIENTE,0.00,,0
618,90007,,2025-11-27,300,13,PLANCAP,2026-04-17,0.0000,36808.02,0.00,0.00,0.00,0.00,admin25+,8,PENDIENTE,0.00,,0
619,90007,,2025-11-27,314,14,PLANINT,2026-04-17,0.0000,2023.62,0.00,0.00,0.00,0.00,admin25+,8,PENDIENTE,0.00,,0
620,90007,,2025-11-27,300,15,PLANCAP,2026-05-17,0.0000,37470.56,0.00,0.00,0.00,0.00,admin25+,9,PENDIENTE,0.00,,0
621,90007,,2025-11-27,316,16,PLANINT,2026-05-17,0.0000,1361.08,0.00,0.00,0.00,0.00,admin25+,9,PENDIENTE,0.00,,0
622,90007,,2025-11-27,300,17,PLANCAP,2026-06-17,0.0000,38145.02,0.00,0.00,0.00,0.00,admin25+,10,PENDIENTE,0.00,,0
623,90007,,2025-11-27,318,18,PLANINT,2026-06-17,0.0000,686.62,0.00,0.00,0.00,0.00,admin25+,10,PENDIENTE,0.00,,0
624,90007,,2025-09-17,10,1,CAUSAC,2025-09-17,21.6000,240.00,0.00,240.00,0.00,0.00,sistema,,TRANSACCION,0.00,,0
625,90003,2025-11-26,2025-11-27,1,0,DES,2026-05-26,18.0000,2100000.00,0.00,0.00,0.00,0.00,admin25+,0,TRANSACCION ,0.00,,0
626,90003,,2025-11-27,300,0,PLANCAP,2025-11-26,0.0000,420000.00,0.00,0.00,0.00,0.00,admin25+,1,PENDIENTE,0.00,,0
627,90003,,2025-11-27,300,1,PLANCAP,2025-12-26,0.0000,326070.06,0.00,0.00,0.00,0.00,admin25+,2,PENDIENTE,0.00,,0
628,90003,,2025-11-27,302,2,PLANINT,2025-12-26,0.0000,25200.00,0.00,0.00,0.00,0.00,admin25+,2,PENDIENTE,0.00,,0
629,90003,,2025-11-27,300,3,PLANCAP,2026-01-26,0.0000,330961.11,0.00,0.00,0.00,0.00,admin25+,3,PENDIENTE,0.00,,0
630,90003,,2025-11-27,304,4,PLANINT,2026-01-26,0.0000,20308.95,0.00,0.00,0.00,0.00,admin25+,3,PENDIENTE,0.00,,0
631,90003,,2025-11-27,300,5,PLANCAP,2026-02-26,0.0000,335925.53,0.00,0.00,0.00,0.00,admin25+,4,PENDIENTE,0.00,,0
632,90003,,2025-11-27,306,6,PLANINT,2026-02-26,0.0000,15344.53,0.00,0.00,0.00,0.00,admin25+,4,PENDIENTE,0.00,,0
633,90003,,2025-11-27,300,7,PLANCAP,2026-03-26,0.0000,340964.41,0.00,0.00,0.00,0.00,admin25+,5,PENDIENTE,0.00,,0
634,90003,,2025-11-27,308,8,PLANINT,2026-03-26,0.0000,10305.65,0.00,0.00,0.00,0.00,admin25+,5,PENDIENTE,0.00,,0
635,90003,,2025-11-27,300,9,PLANCAP,2026-04-26,0.0000,346078.89,0.00,0.00,0.00,0.00,admin25+,6,PENDIENTE,0.00,,0
636,90003,,2025-11-27,310,10,PLANINT,2026-04-26,0.0000,5191.17,0.00,0.00,0.00,0.00,admin25+,6,PENDIENTE,0.00,,0
637,90003,,2025-11-26,10,1,CAUSAC,2025-11-26,18.0000,1050.00,0.00,1050.00,0.00,0.00,sistema,,TRANSACCION,0.00,,0
1038,90008,,2025-11-27,344,44,PLANINT,2026-11-28,0.0000,14730.27,0.00,0.00,0.00,0.00,admin25+,16,PENDIENTE,0.00,,0
1039,90008,,2025-11-27,345,45,PLANSEG,2026-11-28,0.0000,92840.00,0.00,0.00,0.00,0.00,admin25+,16,PENDIENTE,0.00,,0
1040,90008,,2025-11-27,346,46,PLANCAP,2026-12-28,0.0000,86097.75,0.00,0.00,0.00,0.00,admin25+,17,PENDIENTE,0.00,,0
1041,90008,,2025-11-27,347,47,PLANINT,2026-12-28,0.0000,13207.92,0.00,0.00,0.00,0.00,admin25+,17,PENDIENTE,0.00,,0
1042,90008,,2025-11-27,348,48,PLANSEG,2026-12-28,0.0000,92840.00,0.00,0.00,0.00,0.00,admin25+,17,PENDIENTE,0.00,,0
1043,90008,,2025-11-27,349,49,PLANCAP,2027-01-28,0.0000,87647.51,0.00,0.00,0.00,0.00,admin25+,18,PENDIENTE,0.00,,0
1044,90008,,2025-11-27,350,50,PLANINT,2027-01-28,0.0000,11658.16,0.00,0.00,0.00,0.00,admin25+,18,PENDIENTE,0.00,,0
1045,90008,,2025-11-27,351,51,PLANSEG,2027-01-28,0.0000,92840.00,0.00,0.00,0.00,0.00,admin25+,18,PENDIENTE,0.00,,0
1046,90008,,2025-11-27,352,52,PLANCAP,2027-02-28,0.0000,89225.17,0.00,0.00,0.00,0.00,admin25+,19,PENDIENTE,0.00,,0
1047,90008,,2025-11-27,353,53,PLANINT,2027-02-28,0.0000,10080.50,0.00,0.00,0.00,0.00,admin25+,19,PENDIENTE,0.00,,0
1048,90008,,2025-11-27,354,54,PLANSEG,2027-02-28,0.0000,92840.00,0.00,0.00,0.00,0.00,admin25+,19,PENDIENTE,0.00,,0
1049,90008,,2025-11-27,355,55,PLANCAP,2027-03-28,0.0000,90831.22,0.00,0.00,0.00,0.00,admin25+,20,PENDIENTE,0.00,,0
1050,90008,,2025-11-27,356,56,PLANINT,2027-03-28,0.0000,8474.45,0.00,0.00,0.00,0.00,admin25+,20,PENDIENTE,0.00,,0
1051,90008,,2025-11-27,357,57,PLANSEG,2027-03-28,0.0000,92840.00,0.00,0.00,0.00,0.00,admin25+,20,PENDIENTE,0.00,,0
1052,90008,,2025-11-27,358,58,PLANCAP,2027-04-28,0.0000,92466.18,0.00,0.00,0.00,0.00,admin25+,21,PENDIENTE,0.00,,0
1053,90008,,2025-11-27,359,59,PLANINT,2027-04-28,0.0000,6839.49,0.00,0.00,0.00,0.00,admin25+,21,PENDIENTE,0.00,,0
1054,90008,,2025-11-27,360,60,PLANSEG,2027-04-28,0.0000,92840.00,0.00,0.00,0.00,0.00,admin25+,21,PENDIENTE,0.00,,0
1055,90008,,2025-11-27,361,61,PLANCAP,2027-05-28,0.0000,94130.57,0.00,0.00,0.00,0.00,admin25+,22,PENDIENTE,0.00,,0
1056,90008,,2025-11-27,362,62,PLANINT,2027-05-28,0.0000,5175.10,0.00,0.00,0.00,0.00,admin25+,22,PENDIENTE,0.00,,0
1057,90008,,2025-11-27,363,63,PLANSEG,2027-05-28,0.0000,92840.00,0.00,0.00,0.00,0.00,admin25+,22,PENDIENTE,0.00,,0
1058,90008,,2025-11-27,364,64,PLANCAP,2027-06-28,0.0000,95824.92,0.00,0.00,0.00,0.00,admin25+,23,PENDIENTE,0.00,,0
1059,90008,,2025-11-27,365,65,PLANINT,2027-06-28,0.0000,3480.75,0.00,0.00,0.00,0.00,admin25+,23,PENDIENTE,0.00,,0
1060,90008,,2025-11-27,366,66,PLANSEG,2027-06-28,0.0000,92840.00,0.00,0.00,0.00,0.00,admin25+,23,PENDIENTE,0.00,,0
1061,90008,,2025-11-27,367,67,PLANCAP,2027-07-28,0.0000,97549.86,0.00,0.00,0.00,0.00,admin25+,24,PENDIENTE,0.00,,0
1062,90008,,2025-11-27,368,68,PLANINT,2027-07-28,0.0000,1755.81,0.00,0.00,0.00,0.00,admin25+,24,PENDIENTE,0.00,,0
1063,90008,,2025-11-27,369,69,PLANSEG,2027-07-28,0.0000,92840.00,0.00,0.00,0.00,0.00,admin25+,24,PENDIENTE,0.00,,0
994,90008,2025-08-29,2025-11-27,300,60,PLANCAP,2025-08-29,0.0000,464200.00,464200.00,0.00,0.00,0.00,sistema,1,PAGADA,0.00,,0
1064,90008,,2025-08-29,10,1,CAUSAC,2025-08-29,21.6000,1114.08,0.00,1114.08,0.00,0.00,sistema,,TRANSACCION,0.00,,0
1065,90040,2025-09-15,2025-09-30,1,0,DES,2026-03-15,12.5000,5000000.00,0.00,0.00,0.00,0.00,admin25+,0,TRANSACCION ,0.00,,0
1067,90040,,2025-09-30,301,1,PLANCAP,2025-10-15,0.0000,783506.04,0.00,0.00,0.00,0.00,admin25+,2,PENDIENTE,0.00,,0
1068,90040,,2025-09-30,302,2,PLANINT,2025-10-15,0.0000,41666.67,0.00,0.00,0.00,0.00,admin25+,2,PENDIENTE,0.00,,0
1069,90040,,2025-09-30,303,3,PLANSEG,2025-10-15,0.0000,200000.00,0.00,0.00,0.00,0.00,admin25+,2,PENDIENTE,0.00,,0
1070,90040,,2025-09-30,304,4,PLANCAP,2025-11-15,0.0000,791667.56,0.00,0.00,0.00,0.00,admin25+,3,PENDIENTE,0.00,,0
1071,90040,,2025-09-30,305,5,PLANINT,2025-11-15,0.0000,33505.15,0.00,0.00,0.00,0.00,admin25+,3,PENDIENTE,0.00,,0
1072,90040,,2025-09-30,306,6,PLANSEG,2025-11-15,0.0000,200000.00,0.00,0.00,0.00,0.00,admin25+,3,PENDIENTE,0.00,,0
1073,90040,,2025-09-30,307,7,PLANCAP,2025-12-15,0.0000,799914.10,0.00,0.00,0.00,0.00,admin25+,4,PENDIENTE,0.00,,0
1074,90040,,2025-09-30,308,8,PLANINT,2025-12-15,0.0000,25258.61,0.00,0.00,0.00,0.00,admin25+,4,PENDIENTE,0.00,,0
1075,90040,,2025-09-30,309,9,PLANSEG,2025-12-15,0.0000,200000.00,0.00,0.00,0.00,0.00,admin25+,4,PENDIENTE,0.00,,0
1076,90040,,2025-09-30,310,10,PLANCAP,2026-01-15,0.0000,808246.54,0.00,0.00,0.00,0.00,admin25+,5,PENDIENTE,0.00,,0
1077,90040,,2025-09-30,311,11,PLANINT,2026-01-15,0.0000,16926.17,0.00,0.00,0.00,0.00,admin25+,5,PENDIENTE,0.00,,0
1078,90040,,2025-09-30,312,12,PLANSEG,2026-01-15,0.0000,200000.00,0.00,0.00,0.00,0.00,admin25+,5,PENDIENTE,0.00,,0
1079,90040,,2025-09-30,313,13,PLANCAP,2026-02-15,0.0000,816665.76,0.00,0.00,0.00,0.00,admin25+,6,PENDIENTE,0.00,,0
1080,90040,,2025-09-30,314,14,PLANINT,2026-02-15,0.0000,8506.95,0.00,0.00,0.00,0.00,admin25+,6,PENDIENTE,0.00,,0
1081,90040,,2025-09-30,315,15,PLANSEG,2026-02-15,0.0000,200000.00,0.00,0.00,0.00,0.00,admin25+,6,PENDIENTE,0.00,,0
1066,90040,2025-09-15,2025-09-30,300,54,PLANCAP,2025-09-15,0.0000,1000000.00,1000000.00,0.00,0.00,0.00,sistema,1,PAGADA,0.00,,0
1082,90040,,2025-09-15,10,1,CAUSAC,2025-09-15,12.5000,1388.89,0.00,1388.89,0.00,0.00,sistema,,TRANSACCION,0.00,,0
1083,90022,2025-09-13,2025-09-30,1,0,DES,2027-09-13,15.0000,1340010.00,0.00,0.00,0.00,0.00,admin25+,0,TRANSACCION ,0.00,,0
1085,90022,,2025-09-30,301,1,PLANCAP,2025-10-13,0.0000,40518.32,0.00,0.00,0.00,0.00,admin25+,2,PENDIENTE,0.00,,0
1086,90022,,2025-09-30,302,2,PLANINT,2025-10-13,0.0000,13400.10,0.00,0.00,0.00,0.00,admin25+,2,PENDIENTE,0.00,,0
1087,90022,,2025-09-30,303,3,PLANSEG,2025-10-13,0.0000,53600.00,0.00,0.00,0.00,0.00,admin25+,2,PENDIENTE,0.00,,0
1088,90022,,2025-09-30,304,4,PLANCAP,2025-11-13,0.0000,41024.80,0.00,0.00,0.00,0.00,admin25+,3,PENDIENTE,0.00,,0
1089,90022,,2025-09-30,305,5,PLANINT,2025-11-13,0.0000,12893.62,0.00,0.00,0.00,0.00,admin25+,3,PENDIENTE,0.00,,0
1090,90022,,2025-09-30,306,6,PLANSEG,2025-11-13,0.0000,53600.00,0.00,0.00,0.00,0.00,admin25+,3,PENDIENTE,0.00,,0
1091,90022,,2025-09-30,307,7,PLANCAP,2025-12-13,0.0000,41537.61,0.00,0.00,0.00,0.00,admin25+,4,PENDIENTE,0.00,,0
1092,90022,,2025-09-30,308,8,PLANINT,2025-12-13,0.0000,12380.81,0.00,0.00,0.00,0.00,admin25+,4,PENDIENTE,0.00,,0
1093,90022,,2025-09-30,309,9,PLANSEG,2025-12-13,0.0000,53600.00,0.00,0.00,0.00,0.00,admin25+,4,PENDIENTE,0.00,,0
1094,90022,,2025-09-30,310,10,PLANCAP,2026-01-13,0.0000,42056.83,0.00,0.00,0.00,0.00,admin25+,5,PENDIENTE,0.00,,0
1095,90022,,2025-09-30,311,11,PLANINT,2026-01-13,0.0000,11861.59,0.00,0.00,0.00,0.00,admin25+,5,PENDIENTE,0.00,,0
1096,90022,,2025-09-30,312,12,PLANSEG,2026-01-13,0.0000,53600.00,0.00,0.00,0.00,0.00,admin25+,5,PENDIENTE,0.00,,0
1097,90022,,2025-09-30,313,13,PLANCAP,2026-02-13,0.0000,42582.54,0.00,0.00,0.00,0.00,admin25+,6,PENDIENTE,0.00,,0
1098,90022,,2025-09-30,314,14,PLANINT,2026-02-13,0.0000,11335.88,0.00,0.00,0.00,0.00,admin25+,6,PENDIENTE,0.00,,0
1099,90022,,2025-09-30,315,15,PLANSEG,2026-02-13,0.0000,53600.00,0.00,0.00,0.00,0.00,admin25+,6,PENDIENTE,0.00,,0
1100,90022,,2025-09-30,316,16,PLANCAP,2026-03-13,0.0000,43114.82,0.00,0.00,0.00,0.00,admin25+,7,PENDIENTE,0.00,,0
1101,90022,,2025-09-30,317,17,PLANINT,2026-03-13,0.0000,10803.60,0.00,0.00,0.00,0.00,admin25+,7,PENDIENTE,0.00,,0
1102,90022,,2025-09-30,318,18,PLANSEG,2026-03-13,0.0000,53600.00,0.00,0.00,0.00,0.00,admin25+,7,PENDIENTE,0.00,,0
1103,90022,,2025-09-30,319,19,PLANCAP,2026-04-13,0.0000,43653.76,0.00,0.00,0.00,0.00,admin25+,8,PENDIENTE,0.00,,0
1104,90022,,2025-09-30,320,20,PLANINT,2026-04-13,0.0000,10264.66,0.00,0.00,0.00,0.00,admin25+,8,PENDIENTE,0.00,,0
1105,90022,,2025-09-30,321,21,PLANSEG,2026-04-13,0.0000,53600.00,0.00,0.00,0.00,0.00,admin25+,8,PENDIENTE,0.00,,0
1106,90022,,2025-09-30,322,22,PLANCAP,2026-05-13,0.0000,44199.43,0.00,0.00,0.00,0.00,admin25+,9,PENDIENTE,0.00,,0
1107,90022,,2025-09-30,323,23,PLANINT,2026-05-13,0.0000,9718.99,0.00,0.00,0.00,0.00,admin25+,9,PENDIENTE,0.00,,0
1108,90022,,2025-09-30,324,24,PLANSEG,2026-05-13,0.0000,53600.00,0.00,0.00,0.00,0.00,admin25+,9,PENDIENTE,0.00,,0
1109,90022,,2025-09-30,325,25,PLANCAP,2026-06-13,0.0000,44751.92,0.00,0.00,0.00,0.00,admin25+,10,PENDIENTE,0.00,,0
1110,90022,,2025-09-30,326,26,PLANINT,2026-06-13,0.0000,9166.50,0.00,0.00,0.00,0.00,admin25+,10,PENDIENTE,0.00,,0
1111,90022,,2025-09-30,327,27,PLANSEG,2026-06-13,0.0000,53600.00,0.00,0.00,0.00,0.00,admin25+,10,PENDIENTE,0.00,,0
1112,90022,,2025-09-30,328,28,PLANCAP,2026-07-13,0.0000,45311.32,0.00,0.00,0.00,0.00,admin25+,11,PENDIENTE,0.00,,0
1113,90022,,2025-09-30,329,29,PLANINT,2026-07-13,0.0000,8607.10,0.00,0.00,0.00,0.00,admin25+,11,PENDIENTE,0.00,,0
1114,90022,,2025-09-30,330,30,PLANSEG,2026-07-13,0.0000,53600.00,0.00,0.00,0.00,0.00,admin25+,11,PENDIENTE,0.00,,0
1115,90022,,2025-09-30,331,31,PLANCAP,2026-08-13,0.0000,45877.71,0.00,0.00,0.00,0.00,admin25+,12,PENDIENTE,0.00,,0
1116,90022,,2025-09-30,332,32,PLANINT,2026-08-13,0.0000,8040.71,0.00,0.00,0.00,0.00,admin25+,12,PENDIENTE,0.00,,0
1117,90022,,2025-09-30,333,33,PLANSEG,2026-08-13,0.0000,53600.00,0.00,0.00,0.00,0.00,admin25+,12,PENDIENTE,0.00,,0
1118,90022,,2025-09-30,334,34,PLANCAP,2026-09-13,0.0000,46451.18,0.00,0.00,0.00,0.00,admin25+,13,PENDIENTE,0.00,,0
1119,90022,,2025-09-30,335,35,PLANINT,2026-09-13,0.0000,7467.24,0.00,0.00,0.00,0.00,admin25+,13,PENDIENTE,0.00,,0
1120,90022,,2025-09-30,336,36,PLANSEG,2026-09-13,0.0000,53600.00,0.00,0.00,0.00,0.00,admin25+,13,PENDIENTE,0.00,,0
1121,90022,,2025-09-30,337,37,PLANCAP,2026-10-13,0.0000,47031.82,0.00,0.00,0.00,0.00,admin25+,14,PENDIENTE,0.00,,0
1122,90022,,2025-09-30,338,38,PLANINT,2026-10-13,0.0000,6886.60,0.00,0.00,0.00,0.00,admin25+,14,PENDIENTE,0.00,,0
1123,90022,,2025-09-30,339,39,PLANSEG,2026-10-13,0.0000,53600.00,0.00,0.00,0.00,0.00,admin25+,14,PENDIENTE,0.00,,0
1124,90022,,2025-09-30,340,40,PLANCAP,2026-11-13,0.0000,47619.72,0.00,0.00,0.00,0.00,admin25+,15,PENDIENTE,0.00,,0
1125,90022,,2025-09-30,341,41,PLANINT,2026-11-13,0.0000,6298.70,0.00,0.00,0.00,0.00,admin25+,15,PENDIENTE,0.00,,0
1126,90022,,2025-09-30,342,42,PLANSEG,2026-11-13,0.0000,53600.00,0.00,0.00,0.00,0.00,admin25+,15,PENDIENTE,0.00,,0
1127,90022,,2025-09-30,343,43,PLANCAP,2026-12-13,0.0000,48214.97,0.00,0.00,0.00,0.00,admin25+,16,PENDIENTE,0.00,,0
1128,90022,,2025-09-30,344,44,PLANINT,2026-12-13,0.0000,5703.45,0.00,0.00,0.00,0.00,admin25+,16,PENDIENTE,0.00,,0
1129,90022,,2025-09-30,345,45,PLANSEG,2026-12-13,0.0000,53600.00,0.00,0.00,0.00,0.00,admin25+,16,PENDIENTE,0.00,,0
1130,90022,,2025-09-30,346,46,PLANCAP,2027-01-13,0.0000,48817.65,0.00,0.00,0.00,0.00,admin25+,17,PENDIENTE,0.00,,0
1131,90022,,2025-09-30,347,47,PLANINT,2027-01-13,0.0000,5100.77,0.00,0.00,0.00,0.00,admin25+,17,PENDIENTE,0.00,,0
1132,90022,,2025-09-30,348,48,PLANSEG,2027-01-13,0.0000,53600.00,0.00,0.00,0.00,0.00,admin25+,17,PENDIENTE,0.00,,0
1133,90022,,2025-09-30,349,49,PLANCAP,2027-02-13,0.0000,49427.87,0.00,0.00,0.00,0.00,admin25+,18,PENDIENTE,0.00,,0
1134,90022,,2025-09-30,350,50,PLANINT,2027-02-13,0.0000,4490.55,0.00,0.00,0.00,0.00,admin25+,18,PENDIENTE,0.00,,0
1135,90022,,2025-09-30,351,51,PLANSEG,2027-02-13,0.0000,53600.00,0.00,0.00,0.00,0.00,admin25+,18,PENDIENTE,0.00,,0
1136,90022,,2025-09-30,352,52,PLANCAP,2027-03-13,0.0000,50045.72,0.00,0.00,0.00,0.00,admin25+,19,PENDIENTE,0.00,,0
1137,90022,,2025-09-30,353,53,PLANINT,2027-03-13,0.0000,3872.70,0.00,0.00,0.00,0.00,admin25+,19,PENDIENTE,0.00,,0
1138,90022,,2025-09-30,354,54,PLANSEG,2027-03-13,0.0000,53600.00,0.00,0.00,0.00,0.00,admin25+,19,PENDIENTE,0.00,,0
1139,90022,,2025-09-30,355,55,PLANCAP,2027-04-13,0.0000,50671.29,0.00,0.00,0.00,0.00,admin25+,20,PENDIENTE,0.00,,0
1140,90022,,2025-09-30,356,56,PLANINT,2027-04-13,0.0000,3247.13,0.00,0.00,0.00,0.00,admin25+,20,PENDIENTE,0.00,,0
1141,90022,,2025-09-30,357,57,PLANSEG,2027-04-13,0.0000,53600.00,0.00,0.00,0.00,0.00,admin25+,20,PENDIENTE,0.00,,0
1142,90022,,2025-09-30,358,58,PLANCAP,2027-05-13,0.0000,51304.69,0.00,0.00,0.00,0.00,admin25+,21,PENDIENTE,0.00,,0
1143,90022,,2025-09-30,359,59,PLANINT,2027-05-13,0.0000,2613.73,0.00,0.00,0.00,0.00,admin25+,21,PENDIENTE,0.00,,0
1144,90022,,2025-09-30,360,60,PLANSEG,2027-05-13,0.0000,53600.00,0.00,0.00,0.00,0.00,admin25+,21,PENDIENTE,0.00,,0
1145,90022,,2025-09-30,361,61,PLANCAP,2027-06-13,0.0000,51945.99,0.00,0.00,0.00,0.00,admin25+,22,PENDIENTE,0.00,,0
1146,90022,,2025-09-30,362,62,PLANINT,2027-06-13,0.0000,1972.43,0.00,0.00,0.00,0.00,admin25+,22,PENDIENTE,0.00,,0
1147,90022,,2025-09-30,363,63,PLANSEG,2027-06-13,0.0000,53600.00,0.00,0.00,0.00,0.00,admin25+,22,PENDIENTE,0.00,,0
1148,90022,,2025-09-30,364,64,PLANCAP,2027-07-13,0.0000,52595.32,0.00,0.00,0.00,0.00,admin25+,23,PENDIENTE,0.00,,0
1149,90022,,2025-09-30,365,65,PLANINT,2027-07-13,0.0000,1323.10,0.00,0.00,0.00,0.00,admin25+,23,PENDIENTE,0.00,,0
1150,90022,,2025-09-30,366,66,PLANSEG,2027-07-13,0.0000,53600.00,0.00,0.00,0.00,0.00,admin25+,23,PENDIENTE,0.00,,0
1151,90022,,2025-09-30,367,67,PLANCAP,2027-08-13,0.0000,53252.72,0.00,0.00,0.00,0.00,admin25+,24,PENDIENTE,0.00,,0
1152,90022,,2025-09-30,368,68,PLANINT,2027-08-13,0.0000,665.70,0.00,0.00,0.00,0.00,admin25+,24,PENDIENTE,0.00,,0
1153,90022,,2025-09-30,369,69,PLANSEG,2027-08-13,0.0000,53600.00,0.00,0.00,0.00,0.00,admin25+,24,PENDIENTE,0.00,,0
1084,90022,2025-09-13,2025-09-30,300,56,PLANCAP,2025-09-13,0.0000,268002.00,268002.00,0.00,0.00,0.00,sistema,1,PAGADA,0.00,,0
1154,90022,,2025-09-13,10,1,CAUSAC,2025-09-13,15.0000,446.67,0.00,446.67,0.00,0.00,sistema,,TRANSACCION,0.00,,0
1155,90045,2025-08-29,2025-09-30,1,0,DES,2027-02-28,12.5000,5000000.00,0.00,0.00,0.00,0.00,admin25+,0,TRANSACCION ,0.00,,0
1161,90045,,2025-09-30,305,5,PLANINT,2025-10-28,0.0000,39413.59,0.00,0.00,0.00,0.00,admin25+,3,PENDIENTE,0.00,,0
1162,90045,,2025-09-30,306,6,PLANSEG,2025-10-28,0.0000,200000.00,0.00,0.00,0.00,0.00,admin25+,3,PENDIENTE,0.00,,0
1163,90045,,2025-09-30,307,7,PLANCAP,2025-11-28,0.0000,220825.16,0.00,0.00,0.00,0.00,admin25+,4,PENDIENTE,0.00,,0
1164,90045,,2025-09-30,308,8,PLANINT,2025-11-28,0.0000,37137.04,0.00,0.00,0.00,0.00,admin25+,4,PENDIENTE,0.00,,0
1165,90045,,2025-09-30,309,9,PLANSEG,2025-11-28,0.0000,200000.00,0.00,0.00,0.00,0.00,admin25+,4,PENDIENTE,0.00,,0
1166,90045,,2025-09-30,310,10,PLANCAP,2025-12-28,0.0000,223125.42,0.00,0.00,0.00,0.00,admin25+,5,PENDIENTE,0.00,,0
1167,90045,,2025-09-30,311,11,PLANINT,2025-12-28,0.0000,34836.78,0.00,0.00,0.00,0.00,admin25+,5,PENDIENTE,0.00,,0
1168,90045,,2025-09-30,312,12,PLANSEG,2025-12-28,0.0000,200000.00,0.00,0.00,0.00,0.00,admin25+,5,PENDIENTE,0.00,,0
1169,90045,,2025-09-30,313,13,PLANCAP,2026-01-28,0.0000,225449.64,0.00,0.00,0.00,0.00,admin25+,6,PENDIENTE,0.00,,0
1170,90045,,2025-09-30,314,14,PLANINT,2026-01-28,0.0000,32512.56,0.00,0.00,0.00,0.00,admin25+,6,PENDIENTE,0.00,,0
1171,90045,,2025-09-30,315,15,PLANSEG,2026-01-28,0.0000,200000.00,0.00,0.00,0.00,0.00,admin25+,6,PENDIENTE,0.00,,0
1172,90045,,2025-09-30,316,16,PLANCAP,2026-02-28,0.0000,227798.08,0.00,0.00,0.00,0.00,admin25+,7,PENDIENTE,0.00,,0
1173,90045,,2025-09-30,317,17,PLANINT,2026-02-28,0.0000,30164.12,0.00,0.00,0.00,0.00,admin25+,7,PENDIENTE,0.00,,0
1174,90045,,2025-09-30,318,18,PLANSEG,2026-02-28,0.0000,200000.00,0.00,0.00,0.00,0.00,admin25+,7,PENDIENTE,0.00,,0
1175,90045,,2025-09-30,319,19,PLANCAP,2026-03-28,0.0000,230170.98,0.00,0.00,0.00,0.00,admin25+,8,PENDIENTE,0.00,,0
1176,90045,,2025-09-30,320,20,PLANINT,2026-03-28,0.0000,27791.22,0.00,0.00,0.00,0.00,admin25+,8,PENDIENTE,0.00,,0
1177,90045,,2025-09-30,321,21,PLANSEG,2026-03-28,0.0000,200000.00,0.00,0.00,0.00,0.00,admin25+,8,PENDIENTE,0.00,,0
1178,90045,,2025-09-30,322,22,PLANCAP,2026-04-28,0.0000,232568.59,0.00,0.00,0.00,0.00,admin25+,9,PENDIENTE,0.00,,0
1179,90045,,2025-09-30,323,23,PLANINT,2026-04-28,0.0000,25393.61,0.00,0.00,0.00,0.00,admin25+,9,PENDIENTE,0.00,,0
1180,90045,,2025-09-30,324,24,PLANSEG,2026-04-28,0.0000,200000.00,0.00,0.00,0.00,0.00,admin25+,9,PENDIENTE,0.00,,0
1181,90045,,2025-09-30,325,25,PLANCAP,2026-05-28,0.0000,234991.18,0.00,0.00,0.00,0.00,admin25+,10,PENDIENTE,0.00,,0
1182,90045,,2025-09-30,326,26,PLANINT,2026-05-28,0.0000,22971.02,0.00,0.00,0.00,0.00,admin25+,10,PENDIENTE,0.00,,0
1183,90045,,2025-09-30,327,27,PLANSEG,2026-05-28,0.0000,200000.00,0.00,0.00,0.00,0.00,admin25+,10,PENDIENTE,0.00,,0
1184,90045,,2025-09-30,328,28,PLANCAP,2026-06-28,0.0000,237439.00,0.00,0.00,0.00,0.00,admin25+,11,PENDIENTE,0.00,,0
1185,90045,,2025-09-30,329,29,PLANINT,2026-06-28,0.0000,20523.20,0.00,0.00,0.00,0.00,admin25+,11,PENDIENTE,0.00,,0
1186,90045,,2025-09-30,330,30,PLANSEG,2026-06-28,0.0000,200000.00,0.00,0.00,0.00,0.00,admin25+,11,PENDIENTE,0.00,,0
1187,90045,,2025-09-30,331,31,PLANCAP,2026-07-28,0.0000,239912.33,0.00,0.00,0.00,0.00,admin25+,12,PENDIENTE,0.00,,0
1188,90045,,2025-09-30,332,32,PLANINT,2026-07-28,0.0000,18049.87,0.00,0.00,0.00,0.00,admin25+,12,PENDIENTE,0.00,,0
1189,90045,,2025-09-30,333,33,PLANSEG,2026-07-28,0.0000,200000.00,0.00,0.00,0.00,0.00,admin25+,12,PENDIENTE,0.00,,0
1190,90045,,2025-09-30,334,34,PLANCAP,2026-08-28,0.0000,242411.41,0.00,0.00,0.00,0.00,admin25+,13,PENDIENTE,0.00,,0
1191,90045,,2025-09-30,335,35,PLANINT,2026-08-28,0.0000,15550.79,0.00,0.00,0.00,0.00,admin25+,13,PENDIENTE,0.00,,0
1192,90045,,2025-09-30,336,36,PLANSEG,2026-08-28,0.0000,200000.00,0.00,0.00,0.00,0.00,admin25+,13,PENDIENTE,0.00,,0
1193,90045,,2025-09-30,337,37,PLANCAP,2026-09-28,0.0000,244936.53,0.00,0.00,0.00,0.00,admin25+,14,PENDIENTE,0.00,,0
1157,90045,2025-09-30,2025-09-30,20,60,PLANCAP,2025-09-28,0.0000,216295.53,216295.53,0.00,0.00,0.00,admin25+,2,PAGADA,0.00,,0
1194,90045,,2025-09-30,338,38,PLANINT,2026-09-28,0.0000,13025.67,0.00,0.00,0.00,0.00,admin25+,14,PENDIENTE,0.00,,0
1195,90045,,2025-09-30,339,39,PLANSEG,2026-09-28,0.0000,200000.00,0.00,0.00,0.00,0.00,admin25+,14,PENDIENTE,0.00,,0
1196,90045,,2025-09-30,340,40,PLANCAP,2026-10-28,0.0000,247487.95,0.00,0.00,0.00,0.00,admin25+,15,PENDIENTE,0.00,,0
1197,90045,,2025-09-30,341,41,PLANINT,2026-10-28,0.0000,10474.25,0.00,0.00,0.00,0.00,admin25+,15,PENDIENTE,0.00,,0
1198,90045,,2025-09-30,342,42,PLANSEG,2026-10-28,0.0000,200000.00,0.00,0.00,0.00,0.00,admin25+,15,PENDIENTE,0.00,,0
1199,90045,,2025-09-30,343,43,PLANCAP,2026-11-28,0.0000,250065.95,0.00,0.00,0.00,0.00,admin25+,16,PENDIENTE,0.00,,0
1200,90045,,2025-09-30,344,44,PLANINT,2026-11-28,0.0000,7896.25,0.00,0.00,0.00,0.00,admin25+,16,PENDIENTE,0.00,,0
1201,90045,,2025-09-30,345,45,PLANSEG,2026-11-28,0.0000,200000.00,0.00,0.00,0.00,0.00,admin25+,16,PENDIENTE,0.00,,0
1202,90045,,2025-09-30,346,46,PLANCAP,2026-12-28,0.0000,252670.81,0.00,0.00,0.00,0.00,admin25+,17,PENDIENTE,0.00,,0
1203,90045,,2025-09-30,347,47,PLANINT,2026-12-28,0.0000,5291.39,0.00,0.00,0.00,0.00,admin25+,17,PENDIENTE,0.00,,0
1204,90045,,2025-09-30,348,48,PLANSEG,2026-12-28,0.0000,200000.00,0.00,0.00,0.00,0.00,admin25+,17,PENDIENTE,0.00,,0
1205,90045,,2025-09-30,349,49,PLANCAP,2027-01-28,0.0000,255302.83,0.00,0.00,0.00,0.00,admin25+,18,PENDIENTE,0.00,,0
1206,90045,,2025-09-30,350,50,PLANINT,2027-01-28,0.0000,2659.37,0.00,0.00,0.00,0.00,admin25+,18,PENDIENTE,0.00,,0
1207,90045,,2025-09-30,351,51,PLANSEG,2027-01-28,0.0000,200000.00,0.00,0.00,0.00,0.00,admin25+,18,PENDIENTE,0.00,,0
1156,90045,2025-08-29,2025-09-30,300,59,PLANCAP,2025-08-29,0.0000,1000000.00,1000000.00,0.00,0.00,0.00,sistema,1,PAGADA,0.00,,0
1209,90028,2025-09-30,2025-09-30,1,0,DES,2026-03-30,20.4000,410675.00,0.00,0.00,0.00,0.00,admin25+,0,TRANSACCION ,0.00,,0
1211,90028,,2025-09-30,301,1,PLANCAP,2025-10-28,0.0000,63511.58,0.00,0.00,0.00,0.00,admin25+,2,PENDIENTE,0.00,,0
1212,90028,,2025-09-30,302,2,PLANINT,2025-10-28,0.0000,5585.18,0.00,0.00,0.00,0.00,admin25+,2,PENDIENTE,0.00,,0
1213,90028,,2025-09-30,303,3,PLANSEG,2025-10-28,0.0000,16427.00,0.00,0.00,0.00,0.00,admin25+,2,PENDIENTE,0.00,,0
1214,90028,,2025-09-30,304,4,PLANCAP,2025-11-28,0.0000,64591.28,0.00,0.00,0.00,0.00,admin25+,3,PENDIENTE,0.00,,0
1215,90028,,2025-09-30,305,5,PLANINT,2025-11-28,0.0000,4505.48,0.00,0.00,0.00,0.00,admin25+,3,PENDIENTE,0.00,,0
1216,90028,,2025-09-30,306,6,PLANSEG,2025-11-28,0.0000,16427.00,0.00,0.00,0.00,0.00,admin25+,3,PENDIENTE,0.00,,0
1217,90028,,2025-09-30,307,7,PLANCAP,2025-12-28,0.0000,65689.33,0.00,0.00,0.00,0.00,admin25+,4,PENDIENTE,0.00,,0
1218,90028,,2025-09-30,308,8,PLANINT,2025-12-28,0.0000,3407.43,0.00,0.00,0.00,0.00,admin25+,4,PENDIENTE,0.00,,0
1219,90028,,2025-09-30,309,9,PLANSEG,2025-12-28,0.0000,16427.00,0.00,0.00,0.00,0.00,admin25+,4,PENDIENTE,0.00,,0
1220,90028,,2025-09-30,310,10,PLANCAP,2026-01-28,0.0000,66806.05,0.00,0.00,0.00,0.00,admin25+,5,PENDIENTE,0.00,,0
1221,90028,,2025-09-30,311,11,PLANINT,2026-01-28,0.0000,2290.71,0.00,0.00,0.00,0.00,admin25+,5,PENDIENTE,0.00,,0
1222,90028,,2025-09-30,312,12,PLANSEG,2026-01-28,0.0000,16427.00,0.00,0.00,0.00,0.00,admin25+,5,PENDIENTE,0.00,,0
1223,90028,,2025-09-30,313,13,PLANCAP,2026-02-28,0.0000,67941.76,0.00,0.00,0.00,0.00,admin25+,6,PENDIENTE,0.00,,0
1224,90028,,2025-09-30,314,14,PLANINT,2026-02-28,0.0000,1155.00,0.00,0.00,0.00,0.00,admin25+,6,PENDIENTE,0.00,,0
1225,90028,,2025-09-30,315,15,PLANSEG,2026-02-28,0.0000,16427.00,0.00,0.00,0.00,0.00,admin25+,6,PENDIENTE,0.00,,0
1210,90028,2025-09-30,2025-09-30,300,42,PLANCAP,2025-09-30,0.0000,82135.00,82135.00,0.00,0.00,0.00,sistema,1,PAGADA,0.00,,0
1226,90028,,2025-09-30,10,1,CAUSAC,2025-09-30,20.4000,186.17,0.00,186.17,0.00,0.00,sistema,,TRANSACCION,0.00,,0
1227,90036,2025-09-26,2025-09-30,1,0,DES,2026-09-26,12.5000,859232.00,0.00,0.00,0.00,0.00,admin25+,0,TRANSACCION ,0.00,,0
1229,90036,,2025-09-30,301,1,PLANCAP,2025-10-26,0.0000,59302.41,0.00,0.00,0.00,0.00,admin25+,2,PENDIENTE,0.00,,0
1230,90036,,2025-09-30,302,2,PLANINT,2025-10-26,0.0000,7160.27,0.00,0.00,0.00,0.00,admin25+,2,PENDIENTE,0.00,,0
1231,90036,,2025-09-30,303,3,PLANSEG,2025-10-26,0.0000,34369.00,0.00,0.00,0.00,0.00,admin25+,2,PENDIENTE,0.00,,0
1232,90036,,2025-09-30,304,4,PLANCAP,2025-11-26,0.0000,59920.14,0.00,0.00,0.00,0.00,admin25+,3,PENDIENTE,0.00,,0
1233,90036,,2025-09-30,305,5,PLANINT,2025-11-26,0.0000,6542.54,0.00,0.00,0.00,0.00,admin25+,3,PENDIENTE,0.00,,0
1234,90036,,2025-09-30,306,6,PLANSEG,2025-11-26,0.0000,34369.00,0.00,0.00,0.00,0.00,admin25+,3,PENDIENTE,0.00,,0
1235,90036,,2025-09-30,307,7,PLANCAP,2025-12-26,0.0000,60544.31,0.00,0.00,0.00,0.00,admin25+,4,PENDIENTE,0.00,,0
1236,90036,,2025-09-30,308,8,PLANINT,2025-12-26,0.0000,5918.37,0.00,0.00,0.00,0.00,admin25+,4,PENDIENTE,0.00,,0
1237,90036,,2025-09-30,309,9,PLANSEG,2025-12-26,0.0000,34369.00,0.00,0.00,0.00,0.00,admin25+,4,PENDIENTE,0.00,,0
1238,90036,,2025-09-30,310,10,PLANCAP,2026-01-26,0.0000,61174.98,0.00,0.00,0.00,0.00,admin25+,5,PENDIENTE,0.00,,0
1239,90036,,2025-09-30,311,11,PLANINT,2026-01-26,0.0000,5287.70,0.00,0.00,0.00,0.00,admin25+,5,PENDIENTE,0.00,,0
1240,90036,,2025-09-30,312,12,PLANSEG,2026-01-26,0.0000,34369.00,0.00,0.00,0.00,0.00,admin25+,5,PENDIENTE,0.00,,0
1241,90036,,2025-09-30,313,13,PLANCAP,2026-02-26,0.0000,61812.22,0.00,0.00,0.00,0.00,admin25+,6,PENDIENTE,0.00,,0
1242,90036,,2025-09-30,314,14,PLANINT,2026-02-26,0.0000,4650.46,0.00,0.00,0.00,0.00,admin25+,6,PENDIENTE,0.00,,0
1243,90036,,2025-09-30,315,15,PLANSEG,2026-02-26,0.0000,34369.00,0.00,0.00,0.00,0.00,admin25+,6,PENDIENTE,0.00,,0
1244,90036,,2025-09-30,316,16,PLANCAP,2026-03-26,0.0000,62456.10,0.00,0.00,0.00,0.00,admin25+,7,PENDIENTE,0.00,,0
1245,90036,,2025-09-30,317,17,PLANINT,2026-03-26,0.0000,4006.58,0.00,0.00,0.00,0.00,admin25+,7,PENDIENTE,0.00,,0
1246,90036,,2025-09-30,318,18,PLANSEG,2026-03-26,0.0000,34369.00,0.00,0.00,0.00,0.00,admin25+,7,PENDIENTE,0.00,,0
1247,90036,,2025-09-30,319,19,PLANCAP,2026-04-26,0.0000,63106.68,0.00,0.00,0.00,0.00,admin25+,8,PENDIENTE,0.00,,0
1248,90036,,2025-09-30,320,20,PLANINT,2026-04-26,0.0000,3356.00,0.00,0.00,0.00,0.00,admin25+,8,PENDIENTE,0.00,,0
1249,90036,,2025-09-30,321,21,PLANSEG,2026-04-26,0.0000,34369.00,0.00,0.00,0.00,0.00,admin25+,8,PENDIENTE,0.00,,0
1250,90036,,2025-09-30,322,22,PLANCAP,2026-05-26,0.0000,63764.04,0.00,0.00,0.00,0.00,admin25+,9,PENDIENTE,0.00,,0
1251,90036,,2025-09-30,323,23,PLANINT,2026-05-26,0.0000,2698.64,0.00,0.00,0.00,0.00,admin25+,9,PENDIENTE,0.00,,0
1252,90036,,2025-09-30,324,24,PLANSEG,2026-05-26,0.0000,34369.00,0.00,0.00,0.00,0.00,admin25+,9,PENDIENTE,0.00,,0
1253,90036,,2025-09-30,325,25,PLANCAP,2026-06-26,0.0000,64428.25,0.00,0.00,0.00,0.00,admin25+,10,PENDIENTE,0.00,,0
1254,90036,,2025-09-30,326,26,PLANINT,2026-06-26,0.0000,2034.43,0.00,0.00,0.00,0.00,admin25+,10,PENDIENTE,0.00,,0
1255,90036,,2025-09-30,327,27,PLANSEG,2026-06-26,0.0000,34369.00,0.00,0.00,0.00,0.00,admin25+,10,PENDIENTE,0.00,,0
1208,90045,,2025-08-29,10,1,CAUSAC,2025-08-29,12.5000,1388.89,0.00,1388.89,0.00,0.00,sistema,,TRANSACCION,1000000.00,PAGO_059,0
1256,90036,,2025-09-30,328,28,PLANCAP,2026-07-26,0.0000,65099.38,0.00,0.00,0.00,0.00,admin25+,11,PENDIENTE,0.00,,0
1257,90036,,2025-09-30,329,29,PLANINT,2026-07-26,0.0000,1363.30,0.00,0.00,0.00,0.00,admin25+,11,PENDIENTE,0.00,,0
1258,90036,,2025-09-30,330,30,PLANSEG,2026-07-26,0.0000,34369.00,0.00,0.00,0.00,0.00,admin25+,11,PENDIENTE,0.00,,0
1259,90036,,2025-09-30,331,31,PLANCAP,2026-08-26,0.0000,65777.49,0.00,0.00,0.00,0.00,admin25+,12,PENDIENTE,0.00,,0
1260,90036,,2025-09-30,332,32,PLANINT,2026-08-26,0.0000,685.19,0.00,0.00,0.00,0.00,admin25+,12,PENDIENTE,0.00,,0
1261,90036,,2025-09-30,333,33,PLANSEG,2026-08-26,0.0000,34369.00,0.00,0.00,0.00,0.00,admin25+,12,PENDIENTE,0.00,,0
1228,90036,2025-09-26,2025-09-30,300,45,PLANCAP,2025-09-26,0.0000,171846.00,171846.00,0.00,0.00,0.00,sistema,1,PAGADA,0.00,,0
1262,90036,,2025-09-26,10,1,CAUSAC,2025-09-26,12.5000,238.68,0.00,238.68,0.00,0.00,sistema,,TRANSACCION,0.00,,0
1263,90006,2025-09-26,2025-09-30,1,0,DES,2026-05-26,8.5000,400000.00,0.00,0.00,0.00,0.00,admin25+,0,TRANSACCION ,0.00,,0
1265,90006,,2025-09-30,301,1,PLANCAP,2025-10-26,0.0000,44752.00,0.00,0.00,0.00,0.00,admin25+,2,PENDIENTE,0.00,,0
1266,90006,,2025-09-30,302,2,PLANINT,2025-10-26,0.0000,2266.67,0.00,0.00,0.00,0.00,admin25+,2,PENDIENTE,0.00,,0
1267,90006,,2025-09-30,303,3,PLANSEG,2025-10-26,0.0000,16000.00,0.00,0.00,0.00,0.00,admin25+,2,PENDIENTE,0.00,,0
1268,90006,,2025-09-30,304,4,PLANCAP,2025-11-26,0.0000,45069.00,0.00,0.00,0.00,0.00,admin25+,3,PENDIENTE,0.00,,0
1269,90006,,2025-09-30,305,5,PLANINT,2025-11-26,0.0000,1949.67,0.00,0.00,0.00,0.00,admin25+,3,PENDIENTE,0.00,,0
1270,90006,,2025-09-30,306,6,PLANSEG,2025-11-26,0.0000,16000.00,0.00,0.00,0.00,0.00,admin25+,3,PENDIENTE,0.00,,0
1271,90006,,2025-09-30,307,7,PLANCAP,2025-12-26,0.0000,45388.24,0.00,0.00,0.00,0.00,admin25+,4,PENDIENTE,0.00,,0
1272,90006,,2025-09-30,308,8,PLANINT,2025-12-26,0.0000,1630.43,0.00,0.00,0.00,0.00,admin25+,4,PENDIENTE,0.00,,0
1273,90006,,2025-09-30,309,9,PLANSEG,2025-12-26,0.0000,16000.00,0.00,0.00,0.00,0.00,admin25+,4,PENDIENTE,0.00,,0
1274,90006,,2025-09-30,310,10,PLANCAP,2026-01-26,0.0000,45709.74,0.00,0.00,0.00,0.00,admin25+,5,PENDIENTE,0.00,,0
1275,90006,,2025-09-30,311,11,PLANINT,2026-01-26,0.0000,1308.93,0.00,0.00,0.00,0.00,admin25+,5,PENDIENTE,0.00,,0
1276,90006,,2025-09-30,312,12,PLANSEG,2026-01-26,0.0000,16000.00,0.00,0.00,0.00,0.00,admin25+,5,PENDIENTE,0.00,,0
1277,90006,,2025-09-30,313,13,PLANCAP,2026-02-26,0.0000,46033.51,0.00,0.00,0.00,0.00,admin25+,6,PENDIENTE,0.00,,0
1278,90006,,2025-09-30,314,14,PLANINT,2026-02-26,0.0000,985.16,0.00,0.00,0.00,0.00,admin25+,6,PENDIENTE,0.00,,0
1279,90006,,2025-09-30,315,15,PLANSEG,2026-02-26,0.0000,16000.00,0.00,0.00,0.00,0.00,admin25+,6,PENDIENTE,0.00,,0
1280,90006,,2025-09-30,316,16,PLANCAP,2026-03-26,0.0000,46359.58,0.00,0.00,0.00,0.00,admin25+,7,PENDIENTE,0.00,,0
1281,90006,,2025-09-30,317,17,PLANINT,2026-03-26,0.0000,659.09,0.00,0.00,0.00,0.00,admin25+,7,PENDIENTE,0.00,,0
1282,90006,,2025-09-30,318,18,PLANSEG,2026-03-26,0.0000,16000.00,0.00,0.00,0.00,0.00,admin25+,7,PENDIENTE,0.00,,0
1283,90006,,2025-09-30,319,19,PLANCAP,2026-04-26,0.0000,46687.93,0.00,0.00,0.00,0.00,admin25+,8,PENDIENTE,0.00,,0
1284,90006,,2025-09-30,320,20,PLANINT,2026-04-26,0.0000,330.74,0.00,0.00,0.00,0.00,admin25+,8,PENDIENTE,0.00,,0
1285,90006,,2025-09-30,321,21,PLANSEG,2026-04-26,0.0000,16000.00,0.00,0.00,0.00,0.00,admin25+,8,PENDIENTE,0.00,,0
1264,90006,2025-09-26,2025-09-30,300,44,PLANCAP,2025-09-26,0.0000,80000.00,80000.00,0.00,0.00,0.00,sistema,1,PAGADA,0.00,,0
1286,90006,,2025-09-26,10,1,CAUSAC,2025-09-26,8.5000,75.56,0.00,75.56,0.00,0.00,sistema,,TRANSACCION,0.00,,0
1287,90017,2025-09-24,2025-09-30,1,0,DES,2025-12-24,21.6000,525386.00,0.00,0.00,0.00,0.00,admin25+,0,TRANSACCION ,0.00,,0
1289,90017,,2025-09-30,301,1,PLANCAP,2025-10-24,0.0000,208279.98,0.00,0.00,0.00,0.00,admin25+,2,PENDIENTE,0.00,,0
1290,90017,,2025-09-30,302,2,PLANINT,2025-10-24,0.0000,7565.56,0.00,0.00,0.00,0.00,admin25+,2,PENDIENTE,0.00,,0
1291,90017,,2025-09-30,303,3,PLANSEG,2025-10-24,0.0000,21015.00,0.00,0.00,0.00,0.00,admin25+,2,PENDIENTE,0.00,,0
1292,90017,,2025-09-30,304,4,PLANCAP,2025-11-24,0.0000,212029.02,0.00,0.00,0.00,0.00,admin25+,3,PENDIENTE,0.00,,0
1293,90017,,2025-09-30,305,5,PLANINT,2025-11-24,0.0000,3816.52,0.00,0.00,0.00,0.00,admin25+,3,PENDIENTE,0.00,,0
1294,90017,,2025-09-30,306,6,PLANSEG,2025-11-24,0.0000,21015.00,0.00,0.00,0.00,0.00,admin25+,3,PENDIENTE,0.00,,0
1288,90017,2025-09-24,2025-09-30,300,46,PLANCAP,2025-09-24,0.0000,105077.00,105077.00,0.00,0.00,0.00,sistema,1,PAGADA,0.00,,0
1295,90017,,2025-09-24,10,1,CAUSAC,2025-09-24,21.6000,252.19,0.00,252.19,0.00,0.00,sistema,,TRANSACCION,0.00,,0
1296,90014,2025-09-24,2025-09-30,1,0,DES,2027-09-24,24.0000,5000000.00,0.00,0.00,0.00,0.00,admin25+,0,TRANSACCION ,0.00,,0
1298,90014,,2025-09-30,301,1,PLANCAP,2025-10-24,0.0000,138672.39,0.00,0.00,0.00,0.00,admin25+,2,PENDIENTE,0.00,,0
1299,90014,,2025-09-30,302,2,PLANINT,2025-10-24,0.0000,80000.00,0.00,0.00,0.00,0.00,admin25+,2,PENDIENTE,0.00,,0
1300,90014,,2025-09-30,303,3,PLANSEG,2025-10-24,0.0000,200000.00,0.00,0.00,0.00,0.00,admin25+,2,PENDIENTE,0.00,,0
1301,90014,,2025-09-30,304,4,PLANCAP,2025-11-24,0.0000,141445.84,0.00,0.00,0.00,0.00,admin25+,3,PENDIENTE,0.00,,0
1302,90014,,2025-09-30,305,5,PLANINT,2025-11-24,0.0000,77226.55,0.00,0.00,0.00,0.00,admin25+,3,PENDIENTE,0.00,,0
1303,90014,,2025-09-30,306,6,PLANSEG,2025-11-24,0.0000,200000.00,0.00,0.00,0.00,0.00,admin25+,3,PENDIENTE,0.00,,0
1304,90014,,2025-09-30,307,7,PLANCAP,2025-12-24,0.0000,144274.75,0.00,0.00,0.00,0.00,admin25+,4,PENDIENTE,0.00,,0
1305,90014,,2025-09-30,308,8,PLANINT,2025-12-24,0.0000,74397.64,0.00,0.00,0.00,0.00,admin25+,4,PENDIENTE,0.00,,0
1306,90014,,2025-09-30,309,9,PLANSEG,2025-12-24,0.0000,200000.00,0.00,0.00,0.00,0.00,admin25+,4,PENDIENTE,0.00,,0
1307,90014,,2025-09-30,310,10,PLANCAP,2026-01-24,0.0000,147160.25,0.00,0.00,0.00,0.00,admin25+,5,PENDIENTE,0.00,,0
1308,90014,,2025-09-30,311,11,PLANINT,2026-01-24,0.0000,71512.14,0.00,0.00,0.00,0.00,admin25+,5,PENDIENTE,0.00,,0
1309,90014,,2025-09-30,312,12,PLANSEG,2026-01-24,0.0000,200000.00,0.00,0.00,0.00,0.00,admin25+,5,PENDIENTE,0.00,,0
1310,90014,,2025-09-30,313,13,PLANCAP,2026-02-24,0.0000,150103.45,0.00,0.00,0.00,0.00,admin25+,6,PENDIENTE,0.00,,0
1311,90014,,2025-09-30,314,14,PLANINT,2026-02-24,0.0000,68568.94,0.00,0.00,0.00,0.00,admin25+,6,PENDIENTE,0.00,,0
1312,90014,,2025-09-30,315,15,PLANSEG,2026-02-24,0.0000,200000.00,0.00,0.00,0.00,0.00,admin25+,6,PENDIENTE,0.00,,0
1313,90014,,2025-09-30,316,16,PLANCAP,2026-03-24,0.0000,153105.52,0.00,0.00,0.00,0.00,admin25+,7,PENDIENTE,0.00,,0
1314,90014,,2025-09-30,317,17,PLANINT,2026-03-24,0.0000,65566.87,0.00,0.00,0.00,0.00,admin25+,7,PENDIENTE,0.00,,0
1315,90014,,2025-09-30,318,18,PLANSEG,2026-03-24,0.0000,200000.00,0.00,0.00,0.00,0.00,admin25+,7,PENDIENTE,0.00,,0
1316,90014,,2025-09-30,319,19,PLANCAP,2026-04-24,0.0000,156167.63,0.00,0.00,0.00,0.00,admin25+,8,PENDIENTE,0.00,,0
1317,90014,,2025-09-30,320,20,PLANINT,2026-04-24,0.0000,62504.76,0.00,0.00,0.00,0.00,admin25+,8,PENDIENTE,0.00,,0
1318,90014,,2025-09-30,321,21,PLANSEG,2026-04-24,0.0000,200000.00,0.00,0.00,0.00,0.00,admin25+,8,PENDIENTE,0.00,,0
1319,90014,,2025-09-30,322,22,PLANCAP,2026-05-24,0.0000,159290.99,0.00,0.00,0.00,0.00,admin25+,9,PENDIENTE,0.00,,0
1320,90014,,2025-09-30,323,23,PLANINT,2026-05-24,0.0000,59381.40,0.00,0.00,0.00,0.00,admin25+,9,PENDIENTE,0.00,,0
1321,90014,,2025-09-30,324,24,PLANSEG,2026-05-24,0.0000,200000.00,0.00,0.00,0.00,0.00,admin25+,9,PENDIENTE,0.00,,0
1322,90014,,2025-09-30,325,25,PLANCAP,2026-06-24,0.0000,162476.81,0.00,0.00,0.00,0.00,admin25+,10,PENDIENTE,0.00,,0
1323,90014,,2025-09-30,326,26,PLANINT,2026-06-24,0.0000,56195.58,0.00,0.00,0.00,0.00,admin25+,10,PENDIENTE,0.00,,0
1324,90014,,2025-09-30,327,27,PLANSEG,2026-06-24,0.0000,200000.00,0.00,0.00,0.00,0.00,admin25+,10,PENDIENTE,0.00,,0
1325,90014,,2025-09-30,328,28,PLANCAP,2026-07-24,0.0000,165726.34,0.00,0.00,0.00,0.00,admin25+,11,PENDIENTE,0.00,,0
1326,90014,,2025-09-30,329,29,PLANINT,2026-07-24,0.0000,52946.05,0.00,0.00,0.00,0.00,admin25+,11,PENDIENTE,0.00,,0
1327,90014,,2025-09-30,330,30,PLANSEG,2026-07-24,0.0000,200000.00,0.00,0.00,0.00,0.00,admin25+,11,PENDIENTE,0.00,,0
1328,90014,,2025-09-30,331,31,PLANCAP,2026-08-24,0.0000,169040.87,0.00,0.00,0.00,0.00,admin25+,12,PENDIENTE,0.00,,0
1329,90014,,2025-09-30,332,32,PLANINT,2026-08-24,0.0000,49631.52,0.00,0.00,0.00,0.00,admin25+,12,PENDIENTE,0.00,,0
1330,90014,,2025-09-30,333,33,PLANSEG,2026-08-24,0.0000,200000.00,0.00,0.00,0.00,0.00,admin25+,12,PENDIENTE,0.00,,0
1331,90014,,2025-09-30,334,34,PLANCAP,2026-09-24,0.0000,172421.69,0.00,0.00,0.00,0.00,admin25+,13,PENDIENTE,0.00,,0
1332,90014,,2025-09-30,335,35,PLANINT,2026-09-24,0.0000,46250.70,0.00,0.00,0.00,0.00,admin25+,13,PENDIENTE,0.00,,0
1333,90014,,2025-09-30,336,36,PLANSEG,2026-09-24,0.0000,200000.00,0.00,0.00,0.00,0.00,admin25+,13,PENDIENTE,0.00,,0
1334,90014,,2025-09-30,337,37,PLANCAP,2026-10-24,0.0000,175870.12,0.00,0.00,0.00,0.00,admin25+,14,PENDIENTE,0.00,,0
1335,90014,,2025-09-30,338,38,PLANINT,2026-10-24,0.0000,42802.27,0.00,0.00,0.00,0.00,admin25+,14,PENDIENTE,0.00,,0
1336,90014,,2025-09-30,339,39,PLANSEG,2026-10-24,0.0000,200000.00,0.00,0.00,0.00,0.00,admin25+,14,PENDIENTE,0.00,,0
1337,90014,,2025-09-30,340,40,PLANCAP,2026-11-24,0.0000,179387.52,0.00,0.00,0.00,0.00,admin25+,15,PENDIENTE,0.00,,0
1338,90014,,2025-09-30,341,41,PLANINT,2026-11-24,0.0000,39284.87,0.00,0.00,0.00,0.00,admin25+,15,PENDIENTE,0.00,,0
1339,90014,,2025-09-30,342,42,PLANSEG,2026-11-24,0.0000,200000.00,0.00,0.00,0.00,0.00,admin25+,15,PENDIENTE,0.00,,0
1340,90014,,2025-09-30,343,43,PLANCAP,2026-12-24,0.0000,182975.27,0.00,0.00,0.00,0.00,admin25+,16,PENDIENTE,0.00,,0
1341,90014,,2025-09-30,344,44,PLANINT,2026-12-24,0.0000,35697.12,0.00,0.00,0.00,0.00,admin25+,16,PENDIENTE,0.00,,0
1342,90014,,2025-09-30,345,45,PLANSEG,2026-12-24,0.0000,200000.00,0.00,0.00,0.00,0.00,admin25+,16,PENDIENTE,0.00,,0
1343,90014,,2025-09-30,346,46,PLANCAP,2027-01-24,0.0000,186634.78,0.00,0.00,0.00,0.00,admin25+,17,PENDIENTE,0.00,,0
1344,90014,,2025-09-30,347,47,PLANINT,2027-01-24,0.0000,32037.61,0.00,0.00,0.00,0.00,admin25+,17,PENDIENTE,0.00,,0
1345,90014,,2025-09-30,348,48,PLANSEG,2027-01-24,0.0000,200000.00,0.00,0.00,0.00,0.00,admin25+,17,PENDIENTE,0.00,,0
1346,90014,,2025-09-30,349,49,PLANCAP,2027-02-24,0.0000,190367.47,0.00,0.00,0.00,0.00,admin25+,18,PENDIENTE,0.00,,0
1347,90014,,2025-09-30,350,50,PLANINT,2027-02-24,0.0000,28304.92,0.00,0.00,0.00,0.00,admin25+,18,PENDIENTE,0.00,,0
1348,90014,,2025-09-30,351,51,PLANSEG,2027-02-24,0.0000,200000.00,0.00,0.00,0.00,0.00,admin25+,18,PENDIENTE,0.00,,0
1349,90014,,2025-09-30,352,52,PLANCAP,2027-03-24,0.0000,194174.82,0.00,0.00,0.00,0.00,admin25+,19,PENDIENTE,0.00,,0
1350,90014,,2025-09-30,353,53,PLANINT,2027-03-24,0.0000,24497.57,0.00,0.00,0.00,0.00,admin25+,19,PENDIENTE,0.00,,0
1351,90014,,2025-09-30,354,54,PLANSEG,2027-03-24,0.0000,200000.00,0.00,0.00,0.00,0.00,admin25+,19,PENDIENTE,0.00,,0
1352,90014,,2025-09-30,355,55,PLANCAP,2027-04-24,0.0000,198058.32,0.00,0.00,0.00,0.00,admin25+,20,PENDIENTE,0.00,,0
1353,90014,,2025-09-30,356,56,PLANINT,2027-04-24,0.0000,20614.07,0.00,0.00,0.00,0.00,admin25+,20,PENDIENTE,0.00,,0
1354,90014,,2025-09-30,357,57,PLANSEG,2027-04-24,0.0000,200000.00,0.00,0.00,0.00,0.00,admin25+,20,PENDIENTE,0.00,,0
1355,90014,,2025-09-30,358,58,PLANCAP,2027-05-24,0.0000,202019.49,0.00,0.00,0.00,0.00,admin25+,21,PENDIENTE,0.00,,0
1356,90014,,2025-09-30,359,59,PLANINT,2027-05-24,0.0000,16652.90,0.00,0.00,0.00,0.00,admin25+,21,PENDIENTE,0.00,,0
1357,90014,,2025-09-30,360,60,PLANSEG,2027-05-24,0.0000,200000.00,0.00,0.00,0.00,0.00,admin25+,21,PENDIENTE,0.00,,0
1358,90014,,2025-09-30,361,61,PLANCAP,2027-06-24,0.0000,206059.88,0.00,0.00,0.00,0.00,admin25+,22,PENDIENTE,0.00,,0
1359,90014,,2025-09-30,362,62,PLANINT,2027-06-24,0.0000,12612.51,0.00,0.00,0.00,0.00,admin25+,22,PENDIENTE,0.00,,0
1360,90014,,2025-09-30,363,63,PLANSEG,2027-06-24,0.0000,200000.00,0.00,0.00,0.00,0.00,admin25+,22,PENDIENTE,0.00,,0
1361,90014,,2025-09-30,364,64,PLANCAP,2027-07-24,0.0000,210181.07,0.00,0.00,0.00,0.00,admin25+,23,PENDIENTE,0.00,,0
1362,90014,,2025-09-30,365,65,PLANINT,2027-07-24,0.0000,8491.32,0.00,0.00,0.00,0.00,admin25+,23,PENDIENTE,0.00,,0
1363,90014,,2025-09-30,366,66,PLANSEG,2027-07-24,0.0000,200000.00,0.00,0.00,0.00,0.00,admin25+,23,PENDIENTE,0.00,,0
1364,90014,,2025-09-30,367,67,PLANCAP,2027-08-24,0.0000,214384.73,0.00,0.00,0.00,0.00,admin25+,24,PENDIENTE,0.00,,0
1365,90014,,2025-09-30,368,68,PLANINT,2027-08-24,0.0000,4287.66,0.00,0.00,0.00,0.00,admin25+,24,PENDIENTE,0.00,,0
1366,90014,,2025-09-30,369,69,PLANSEG,2027-08-24,0.0000,200000.00,0.00,0.00,0.00,0.00,admin25+,24,PENDIENTE,0.00,,0
1297,90014,2025-09-24,2025-09-30,300,47,PLANCAP,2025-09-24,0.0000,1000000.00,1000000.00,0.00,0.00,0.00,sistema,1,PAGADA,0.00,,0
1367,90014,,2025-09-24,10,1,CAUSAC,2025-09-24,24.0000,2666.67,0.00,2666.67,0.00,0.00,sistema,,TRANSACCION,0.00,,0
1368,90049,2025-09-23,2025-09-30,1,0,DES,2026-05-23,10.0000,1340010.00,0.00,0.00,0.00,0.00,admin25+,0,TRANSACCION ,0.00,,0
1370,90049,,2025-09-30,301,1,PLANCAP,2025-10-23,0.0000,149357.76,0.00,0.00,0.00,0.00,admin25+,2,PENDIENTE,0.00,,0
1371,90049,,2025-09-30,302,2,PLANINT,2025-10-23,0.0000,8933.40,0.00,0.00,0.00,0.00,admin25+,2,PENDIENTE,0.00,,0
1372,90049,,2025-09-30,303,3,PLANSEG,2025-10-23,0.0000,53600.00,0.00,0.00,0.00,0.00,admin25+,2,PENDIENTE,0.00,,0
1373,90049,,2025-09-30,304,4,PLANCAP,2025-11-23,0.0000,150602.41,0.00,0.00,0.00,0.00,admin25+,3,PENDIENTE,0.00,,0
1374,90049,,2025-09-30,305,5,PLANINT,2025-11-23,0.0000,7688.75,0.00,0.00,0.00,0.00,admin25+,3,PENDIENTE,0.00,,0
1375,90049,,2025-09-30,306,6,PLANSEG,2025-11-23,0.0000,53600.00,0.00,0.00,0.00,0.00,admin25+,3,PENDIENTE,0.00,,0
1376,90049,,2025-09-30,307,7,PLANCAP,2025-12-23,0.0000,151857.43,0.00,0.00,0.00,0.00,admin25+,4,PENDIENTE,0.00,,0
1377,90049,,2025-09-30,308,8,PLANINT,2025-12-23,0.0000,6433.73,0.00,0.00,0.00,0.00,admin25+,4,PENDIENTE,0.00,,0
1378,90049,,2025-09-30,309,9,PLANSEG,2025-12-23,0.0000,53600.00,0.00,0.00,0.00,0.00,admin25+,4,PENDIENTE,0.00,,0
1379,90049,,2025-09-30,310,10,PLANCAP,2026-01-23,0.0000,153122.91,0.00,0.00,0.00,0.00,admin25+,5,PENDIENTE,0.00,,0
1380,90049,,2025-09-30,311,11,PLANINT,2026-01-23,0.0000,5168.25,0.00,0.00,0.00,0.00,admin25+,5,PENDIENTE,0.00,,0
1381,90049,,2025-09-30,312,12,PLANSEG,2026-01-23,0.0000,53600.00,0.00,0.00,0.00,0.00,admin25+,5,PENDIENTE,0.00,,0
1382,90049,,2025-09-30,313,13,PLANCAP,2026-02-23,0.0000,154398.93,0.00,0.00,0.00,0.00,admin25+,6,PENDIENTE,0.00,,0
1383,90049,,2025-09-30,314,14,PLANINT,2026-02-23,0.0000,3892.23,0.00,0.00,0.00,0.00,admin25+,6,PENDIENTE,0.00,,0
1384,90049,,2025-09-30,315,15,PLANSEG,2026-02-23,0.0000,53600.00,0.00,0.00,0.00,0.00,admin25+,6,PENDIENTE,0.00,,0
1385,90049,,2025-09-30,316,16,PLANCAP,2026-03-23,0.0000,155685.59,0.00,0.00,0.00,0.00,admin25+,7,PENDIENTE,0.00,,0
1386,90049,,2025-09-30,317,17,PLANINT,2026-03-23,0.0000,2605.57,0.00,0.00,0.00,0.00,admin25+,7,PENDIENTE,0.00,,0
1387,90049,,2025-09-30,318,18,PLANSEG,2026-03-23,0.0000,53600.00,0.00,0.00,0.00,0.00,admin25+,7,PENDIENTE,0.00,,0
1388,90049,,2025-09-30,319,19,PLANCAP,2026-04-23,0.0000,156982.97,0.00,0.00,0.00,0.00,admin25+,8,PENDIENTE,0.00,,0
1389,90049,,2025-09-30,320,20,PLANINT,2026-04-23,0.0000,1308.19,0.00,0.00,0.00,0.00,admin25+,8,PENDIENTE,0.00,,0
1390,90049,,2025-09-30,321,21,PLANSEG,2026-04-23,0.0000,53600.00,0.00,0.00,0.00,0.00,admin25+,8,PENDIENTE,0.00,,0
1369,90049,2025-09-23,2025-09-30,300,48,PLANCAP,2025-09-23,0.0000,268002.00,268002.00,0.00,0.00,0.00,sistema,1,PAGADA,0.00,,0
1391,90049,,2025-09-23,10,1,CAUSAC,2025-09-23,10.0000,297.78,0.00,297.78,0.00,0.00,sistema,,TRANSACCION,0.00,,0
1392,90048,2025-09-18,2025-09-30,1,0,DES,2026-01-18,20.4000,10000000.00,0.00,0.00,0.00,0.00,admin25+,0,TRANSACCION ,0.00,,0
1394,90048,,2025-09-30,301,1,PLANCAP,2025-10-18,0.0000,2621842.77,0.00,0.00,0.00,0.00,admin25+,2,PENDIENTE,0.00,,0
1395,90048,,2025-09-30,302,2,PLANINT,2025-10-18,0.0000,136000.00,0.00,0.00,0.00,0.00,admin25+,2,PENDIENTE,0.00,,0
1396,90048,,2025-09-30,303,3,PLANSEG,2025-10-18,0.0000,400000.00,0.00,0.00,0.00,0.00,admin25+,2,PENDIENTE,0.00,,0
1397,90048,,2025-09-30,304,4,PLANCAP,2025-11-18,0.0000,2666414.10,0.00,0.00,0.00,0.00,admin25+,3,PENDIENTE,0.00,,0
1398,90048,,2025-09-30,305,5,PLANINT,2025-11-18,0.0000,91428.67,0.00,0.00,0.00,0.00,admin25+,3,PENDIENTE,0.00,,0
1399,90048,,2025-09-30,306,6,PLANSEG,2025-11-18,0.0000,400000.00,0.00,0.00,0.00,0.00,admin25+,3,PENDIENTE,0.00,,0
1400,90048,,2025-09-30,307,7,PLANCAP,2025-12-18,0.0000,2711743.13,0.00,0.00,0.00,0.00,admin25+,4,PENDIENTE,0.00,,0
1401,90048,,2025-09-30,308,8,PLANINT,2025-12-18,0.0000,46099.64,0.00,0.00,0.00,0.00,admin25+,4,PENDIENTE,0.00,,0
1402,90048,,2025-09-30,309,9,PLANSEG,2025-12-18,0.0000,400000.00,0.00,0.00,0.00,0.00,admin25+,4,PENDIENTE,0.00,,0
1393,90048,2025-09-18,2025-09-30,300,49,PLANCAP,2025-09-18,0.0000,2000000.00,2000000.00,0.00,0.00,0.00,sistema,1,PAGADA,0.00,,0
1403,90048,,2025-09-18,10,1,CAUSAC,2025-09-18,20.4000,4533.33,0.00,4533.33,0.00,0.00,sistema,,TRANSACCION,0.00,,0
1404,90024,2025-09-17,2025-09-30,1,0,DES,2027-03-17,21.6000,5000000.00,0.00,0.00,0.00,0.00,admin25+,0,TRANSACCION ,0.00,,0
1406,90024,,2025-09-30,301,1,PLANCAP,2025-10-17,0.0000,203222.36,0.00,0.00,0.00,0.00,admin25+,2,PENDIENTE,0.00,,0
1407,90024,,2025-09-30,302,2,PLANINT,2025-10-17,0.0000,72000.00,0.00,0.00,0.00,0.00,admin25+,2,PENDIENTE,0.00,,0
1408,90024,,2025-09-30,303,3,PLANSEG,2025-10-17,0.0000,200000.00,0.00,0.00,0.00,0.00,admin25+,2,PENDIENTE,0.00,,0
1409,90024,,2025-09-30,304,4,PLANCAP,2025-11-17,0.0000,206880.36,0.00,0.00,0.00,0.00,admin25+,3,PENDIENTE,0.00,,0
1410,90024,,2025-09-30,305,5,PLANINT,2025-11-17,0.0000,68342.00,0.00,0.00,0.00,0.00,admin25+,3,PENDIENTE,0.00,,0
1411,90024,,2025-09-30,306,6,PLANSEG,2025-11-17,0.0000,200000.00,0.00,0.00,0.00,0.00,admin25+,3,PENDIENTE,0.00,,0
1412,90024,,2025-09-30,307,7,PLANCAP,2025-12-17,0.0000,210604.21,0.00,0.00,0.00,0.00,admin25+,4,PENDIENTE,0.00,,0
1413,90024,,2025-09-30,308,8,PLANINT,2025-12-17,0.0000,64618.15,0.00,0.00,0.00,0.00,admin25+,4,PENDIENTE,0.00,,0
1414,90024,,2025-09-30,309,9,PLANSEG,2025-12-17,0.0000,200000.00,0.00,0.00,0.00,0.00,admin25+,4,PENDIENTE,0.00,,0
1415,90024,,2025-09-30,310,10,PLANCAP,2026-01-17,0.0000,214395.08,0.00,0.00,0.00,0.00,admin25+,5,PENDIENTE,0.00,,0
1416,90024,,2025-09-30,311,11,PLANINT,2026-01-17,0.0000,60827.28,0.00,0.00,0.00,0.00,admin25+,5,PENDIENTE,0.00,,0
1417,90024,,2025-09-30,312,12,PLANSEG,2026-01-17,0.0000,200000.00,0.00,0.00,0.00,0.00,admin25+,5,PENDIENTE,0.00,,0
1418,90024,,2025-09-30,313,13,PLANCAP,2026-02-17,0.0000,218254.20,0.00,0.00,0.00,0.00,admin25+,6,PENDIENTE,0.00,,0
1419,90024,,2025-09-30,314,14,PLANINT,2026-02-17,0.0000,56968.16,0.00,0.00,0.00,0.00,admin25+,6,PENDIENTE,0.00,,0
1420,90024,,2025-09-30,315,15,PLANSEG,2026-02-17,0.0000,200000.00,0.00,0.00,0.00,0.00,admin25+,6,PENDIENTE,0.00,,0
1421,90024,,2025-09-30,316,16,PLANCAP,2026-03-17,0.0000,222182.77,0.00,0.00,0.00,0.00,admin25+,7,PENDIENTE,0.00,,0
1422,90024,,2025-09-30,317,17,PLANINT,2026-03-17,0.0000,53039.59,0.00,0.00,0.00,0.00,admin25+,7,PENDIENTE,0.00,,0
1423,90024,,2025-09-30,318,18,PLANSEG,2026-03-17,0.0000,200000.00,0.00,0.00,0.00,0.00,admin25+,7,PENDIENTE,0.00,,0
1424,90024,,2025-09-30,319,19,PLANCAP,2026-04-17,0.0000,226182.06,0.00,0.00,0.00,0.00,admin25+,8,PENDIENTE,0.00,,0
1425,90024,,2025-09-30,320,20,PLANINT,2026-04-17,0.0000,49040.30,0.00,0.00,0.00,0.00,admin25+,8,PENDIENTE,0.00,,0
1426,90024,,2025-09-30,321,21,PLANSEG,2026-04-17,0.0000,200000.00,0.00,0.00,0.00,0.00,admin25+,8,PENDIENTE,0.00,,0
1427,90024,,2025-09-30,322,22,PLANCAP,2026-05-17,0.0000,230253.34,0.00,0.00,0.00,0.00,admin25+,9,PENDIENTE,0.00,,0
1428,90024,,2025-09-30,323,23,PLANINT,2026-05-17,0.0000,44969.02,0.00,0.00,0.00,0.00,admin25+,9,PENDIENTE,0.00,,0
1429,90024,,2025-09-30,324,24,PLANSEG,2026-05-17,0.0000,200000.00,0.00,0.00,0.00,0.00,admin25+,9,PENDIENTE,0.00,,0
1430,90024,,2025-09-30,325,25,PLANCAP,2026-06-17,0.0000,234397.90,0.00,0.00,0.00,0.00,admin25+,10,PENDIENTE,0.00,,0
1431,90024,,2025-09-30,326,26,PLANINT,2026-06-17,0.0000,40824.46,0.00,0.00,0.00,0.00,admin25+,10,PENDIENTE,0.00,,0
1432,90024,,2025-09-30,327,27,PLANSEG,2026-06-17,0.0000,200000.00,0.00,0.00,0.00,0.00,admin25+,10,PENDIENTE,0.00,,0
1433,90024,,2025-09-30,328,28,PLANCAP,2026-07-17,0.0000,238617.06,0.00,0.00,0.00,0.00,admin25+,11,PENDIENTE,0.00,,0
1434,90024,,2025-09-30,329,29,PLANINT,2026-07-17,0.0000,36605.30,0.00,0.00,0.00,0.00,admin25+,11,PENDIENTE,0.00,,0
1435,90024,,2025-09-30,330,30,PLANSEG,2026-07-17,0.0000,200000.00,0.00,0.00,0.00,0.00,admin25+,11,PENDIENTE,0.00,,0
1436,90024,,2025-09-30,331,31,PLANCAP,2026-08-17,0.0000,242912.17,0.00,0.00,0.00,0.00,admin25+,12,PENDIENTE,0.00,,0
1437,90024,,2025-09-30,332,32,PLANINT,2026-08-17,0.0000,32310.19,0.00,0.00,0.00,0.00,admin25+,12,PENDIENTE,0.00,,0
1438,90024,,2025-09-30,333,33,PLANSEG,2026-08-17,0.0000,200000.00,0.00,0.00,0.00,0.00,admin25+,12,PENDIENTE,0.00,,0
1439,90024,,2025-09-30,334,34,PLANCAP,2026-09-17,0.0000,247284.59,0.00,0.00,0.00,0.00,admin25+,13,PENDIENTE,0.00,,0
1440,90024,,2025-09-30,335,35,PLANINT,2026-09-17,0.0000,27937.77,0.00,0.00,0.00,0.00,admin25+,13,PENDIENTE,0.00,,0
1441,90024,,2025-09-30,336,36,PLANSEG,2026-09-17,0.0000,200000.00,0.00,0.00,0.00,0.00,admin25+,13,PENDIENTE,0.00,,0
1442,90024,,2025-09-30,337,37,PLANCAP,2026-10-17,0.0000,251735.71,0.00,0.00,0.00,0.00,admin25+,14,PENDIENTE,0.00,,0
1443,90024,,2025-09-30,338,38,PLANINT,2026-10-17,0.0000,23486.65,0.00,0.00,0.00,0.00,admin25+,14,PENDIENTE,0.00,,0
1444,90024,,2025-09-30,339,39,PLANSEG,2026-10-17,0.0000,200000.00,0.00,0.00,0.00,0.00,admin25+,14,PENDIENTE,0.00,,0
1445,90024,,2025-09-30,340,40,PLANCAP,2026-11-17,0.0000,256266.95,0.00,0.00,0.00,0.00,admin25+,15,PENDIENTE,0.00,,0
1446,90024,,2025-09-30,341,41,PLANINT,2026-11-17,0.0000,18955.41,0.00,0.00,0.00,0.00,admin25+,15,PENDIENTE,0.00,,0
1447,90024,,2025-09-30,342,42,PLANSEG,2026-11-17,0.0000,200000.00,0.00,0.00,0.00,0.00,admin25+,15,PENDIENTE,0.00,,0
1448,90024,,2025-09-30,343,43,PLANCAP,2026-12-17,0.0000,260879.76,0.00,0.00,0.00,0.00,admin25+,16,PENDIENTE,0.00,,0
1449,90024,,2025-09-30,344,44,PLANINT,2026-12-17,0.0000,14342.60,0.00,0.00,0.00,0.00,admin25+,16,PENDIENTE,0.00,,0
1450,90024,,2025-09-30,345,45,PLANSEG,2026-12-17,0.0000,200000.00,0.00,0.00,0.00,0.00,admin25+,16,PENDIENTE,0.00,,0
1451,90024,,2025-09-30,346,46,PLANCAP,2027-01-17,0.0000,265575.59,0.00,0.00,0.00,0.00,admin25+,17,PENDIENTE,0.00,,0
1452,90024,,2025-09-30,347,47,PLANINT,2027-01-17,0.0000,9646.77,0.00,0.00,0.00,0.00,admin25+,17,PENDIENTE,0.00,,0
1453,90024,,2025-09-30,348,48,PLANSEG,2027-01-17,0.0000,200000.00,0.00,0.00,0.00,0.00,admin25+,17,PENDIENTE,0.00,,0
1454,90024,,2025-09-30,349,49,PLANCAP,2027-02-17,0.0000,270355.89,0.00,0.00,0.00,0.00,admin25+,18,PENDIENTE,0.00,,0
1455,90024,,2025-09-30,350,50,PLANINT,2027-02-17,0.0000,4866.47,0.00,0.00,0.00,0.00,admin25+,18,PENDIENTE,0.00,,0
1456,90024,,2025-09-30,351,51,PLANSEG,2027-02-17,0.0000,200000.00,0.00,0.00,0.00,0.00,admin25+,18,PENDIENTE,0.00,,0
1405,90024,2025-09-17,2025-09-30,300,51,PLANCAP,2025-09-17,0.0000,1000000.00,1000000.00,0.00,0.00,0.00,sistema,1,PAGADA,0.00,,0
1457,90024,,2025-09-17,10,1,CAUSAC,2025-09-17,21.6000,2400.00,0.00,2400.00,0.00,0.00,sistema,,TRANSACCION,0.00,,0
1458,90009,2025-09-16,2025-09-30,1,0,DES,2026-07-16,24.0000,525386.00,0.00,0.00,0.00,0.00,admin25+,0,TRANSACCION ,0.00,,0
1460,90009,,2025-09-30,301,1,PLANCAP,2025-10-16,0.0000,43088.16,0.00,0.00,0.00,0.00,admin25+,2,PENDIENTE,0.00,,0
1461,90009,,2025-09-30,302,2,PLANINT,2025-10-16,0.0000,8406.18,0.00,0.00,0.00,0.00,admin25+,2,PENDIENTE,0.00,,0
1462,90009,,2025-09-30,303,3,PLANSEG,2025-10-16,0.0000,21015.00,0.00,0.00,0.00,0.00,admin25+,2,PENDIENTE,0.00,,0
1463,90009,,2025-09-30,304,4,PLANCAP,2025-11-16,0.0000,43949.92,0.00,0.00,0.00,0.00,admin25+,3,PENDIENTE,0.00,,0
1464,90009,,2025-09-30,305,5,PLANINT,2025-11-16,0.0000,7544.42,0.00,0.00,0.00,0.00,admin25+,3,PENDIENTE,0.00,,0
1465,90009,,2025-09-30,306,6,PLANSEG,2025-11-16,0.0000,21015.00,0.00,0.00,0.00,0.00,admin25+,3,PENDIENTE,0.00,,0
1466,90009,,2025-09-30,307,7,PLANCAP,2025-12-16,0.0000,44828.92,0.00,0.00,0.00,0.00,admin25+,4,PENDIENTE,0.00,,0
1467,90009,,2025-09-30,308,8,PLANINT,2025-12-16,0.0000,6665.42,0.00,0.00,0.00,0.00,admin25+,4,PENDIENTE,0.00,,0
1468,90009,,2025-09-30,309,9,PLANSEG,2025-12-16,0.0000,21015.00,0.00,0.00,0.00,0.00,admin25+,4,PENDIENTE,0.00,,0
1469,90009,,2025-09-30,310,10,PLANCAP,2026-01-16,0.0000,45725.50,0.00,0.00,0.00,0.00,admin25+,5,PENDIENTE,0.00,,0
1470,90009,,2025-09-30,311,11,PLANINT,2026-01-16,0.0000,5768.84,0.00,0.00,0.00,0.00,admin25+,5,PENDIENTE,0.00,,0
1471,90009,,2025-09-30,312,12,PLANSEG,2026-01-16,0.0000,21015.00,0.00,0.00,0.00,0.00,admin25+,5,PENDIENTE,0.00,,0
1472,90009,,2025-09-30,313,13,PLANCAP,2026-02-16,0.0000,46640.01,0.00,0.00,0.00,0.00,admin25+,6,PENDIENTE,0.00,,0
1473,90009,,2025-09-30,314,14,PLANINT,2026-02-16,0.0000,4854.33,0.00,0.00,0.00,0.00,admin25+,6,PENDIENTE,0.00,,0
1474,90009,,2025-09-30,315,15,PLANSEG,2026-02-16,0.0000,21015.00,0.00,0.00,0.00,0.00,admin25+,6,PENDIENTE,0.00,,0
1475,90009,,2025-09-30,316,16,PLANCAP,2026-03-16,0.0000,47572.81,0.00,0.00,0.00,0.00,admin25+,7,PENDIENTE,0.00,,0
1476,90009,,2025-09-30,317,17,PLANINT,2026-03-16,0.0000,3921.53,0.00,0.00,0.00,0.00,admin25+,7,PENDIENTE,0.00,,0
1477,90009,,2025-09-30,318,18,PLANSEG,2026-03-16,0.0000,21015.00,0.00,0.00,0.00,0.00,admin25+,7,PENDIENTE,0.00,,0
1478,90009,,2025-09-30,319,19,PLANCAP,2026-04-16,0.0000,48524.27,0.00,0.00,0.00,0.00,admin25+,8,PENDIENTE,0.00,,0
1479,90009,,2025-09-30,320,20,PLANINT,2026-04-16,0.0000,2970.07,0.00,0.00,0.00,0.00,admin25+,8,PENDIENTE,0.00,,0
1480,90009,,2025-09-30,321,21,PLANSEG,2026-04-16,0.0000,21015.00,0.00,0.00,0.00,0.00,admin25+,8,PENDIENTE,0.00,,0
1481,90009,,2025-09-30,322,22,PLANCAP,2026-05-16,0.0000,49494.75,0.00,0.00,0.00,0.00,admin25+,9,PENDIENTE,0.00,,0
1482,90009,,2025-09-30,323,23,PLANINT,2026-05-16,0.0000,1999.59,0.00,0.00,0.00,0.00,admin25+,9,PENDIENTE,0.00,,0
1483,90009,,2025-09-30,324,24,PLANSEG,2026-05-16,0.0000,21015.00,0.00,0.00,0.00,0.00,admin25+,9,PENDIENTE,0.00,,0
1484,90009,,2025-09-30,325,25,PLANCAP,2026-06-16,0.0000,50484.66,0.00,0.00,0.00,0.00,admin25+,10,PENDIENTE,0.00,,0
1485,90009,,2025-09-30,326,26,PLANINT,2026-06-16,0.0000,1009.68,0.00,0.00,0.00,0.00,admin25+,10,PENDIENTE,0.00,,0
1486,90009,,2025-09-30,327,27,PLANSEG,2026-06-16,0.0000,21015.00,0.00,0.00,0.00,0.00,admin25+,10,PENDIENTE,0.00,,0
1459,90009,2025-09-16,2025-09-30,300,52,PLANCAP,2025-09-16,0.0000,105077.00,105077.00,0.00,0.00,0.00,sistema,1,PAGADA,0.00,,0
1487,90009,,2025-09-16,10,1,CAUSAC,2025-09-16,24.0000,280.21,0.00,280.21,0.00,0.00,sistema,,TRANSACCION,0.00,,0
1488,90023,2025-09-14,2025-09-30,1,0,DES,2026-07-14,21.6000,410675.00,0.00,0.00,0.00,0.00,admin25+,0,TRANSACCION ,0.00,,0
1490,90023,,2025-09-30,301,1,PLANCAP,2025-10-14,0.0000,33954.24,0.00,0.00,0.00,0.00,admin25+,2,PENDIENTE,0.00,,0
1491,90023,,2025-09-30,302,2,PLANINT,2025-10-14,0.0000,5913.72,0.00,0.00,0.00,0.00,admin25+,2,PENDIENTE,0.00,,0
1492,90023,,2025-09-30,303,3,PLANSEG,2025-10-14,0.0000,16427.00,0.00,0.00,0.00,0.00,admin25+,2,PENDIENTE,0.00,,0
1493,90023,,2025-09-30,304,4,PLANCAP,2025-11-14,0.0000,34565.42,0.00,0.00,0.00,0.00,admin25+,3,PENDIENTE,0.00,,0
1494,90023,,2025-09-30,305,5,PLANINT,2025-11-14,0.0000,5302.54,0.00,0.00,0.00,0.00,admin25+,3,PENDIENTE,0.00,,0
1495,90023,,2025-09-30,306,6,PLANSEG,2025-11-14,0.0000,16427.00,0.00,0.00,0.00,0.00,admin25+,3,PENDIENTE,0.00,,0
1496,90023,,2025-09-30,307,7,PLANCAP,2025-12-14,0.0000,35187.59,0.00,0.00,0.00,0.00,admin25+,4,PENDIENTE,0.00,,0
1497,90023,,2025-09-30,308,8,PLANINT,2025-12-14,0.0000,4680.37,0.00,0.00,0.00,0.00,admin25+,4,PENDIENTE,0.00,,0
1498,90023,,2025-09-30,309,9,PLANSEG,2025-12-14,0.0000,16427.00,0.00,0.00,0.00,0.00,admin25+,4,PENDIENTE,0.00,,0
1499,90023,,2025-09-30,310,10,PLANCAP,2026-01-14,0.0000,35820.97,0.00,0.00,0.00,0.00,admin25+,5,PENDIENTE,0.00,,0
1500,90023,,2025-09-30,311,11,PLANINT,2026-01-14,0.0000,4046.99,0.00,0.00,0.00,0.00,admin25+,5,PENDIENTE,0.00,,0
1501,90023,,2025-09-30,312,12,PLANSEG,2026-01-14,0.0000,16427.00,0.00,0.00,0.00,0.00,admin25+,5,PENDIENTE,0.00,,0
1502,90023,,2025-09-30,313,13,PLANCAP,2026-02-14,0.0000,36465.75,0.00,0.00,0.00,0.00,admin25+,6,PENDIENTE,0.00,,0
1503,90023,,2025-09-30,314,14,PLANINT,2026-02-14,0.0000,3402.21,0.00,0.00,0.00,0.00,admin25+,6,PENDIENTE,0.00,,0
1504,90023,,2025-09-30,315,15,PLANSEG,2026-02-14,0.0000,16427.00,0.00,0.00,0.00,0.00,admin25+,6,PENDIENTE,0.00,,0
1505,90023,,2025-09-30,316,16,PLANCAP,2026-03-14,0.0000,37122.13,0.00,0.00,0.00,0.00,admin25+,7,PENDIENTE,0.00,,0
1506,90023,,2025-09-30,317,17,PLANINT,2026-03-14,0.0000,2745.83,0.00,0.00,0.00,0.00,admin25+,7,PENDIENTE,0.00,,0
1507,90023,,2025-09-30,318,18,PLANSEG,2026-03-14,0.0000,16427.00,0.00,0.00,0.00,0.00,admin25+,7,PENDIENTE,0.00,,0
1508,90023,,2025-09-30,319,19,PLANCAP,2026-04-14,0.0000,37790.33,0.00,0.00,0.00,0.00,admin25+,8,PENDIENTE,0.00,,0
1509,90023,,2025-09-30,320,20,PLANINT,2026-04-14,0.0000,2077.63,0.00,0.00,0.00,0.00,admin25+,8,PENDIENTE,0.00,,0
1510,90023,,2025-09-30,321,21,PLANSEG,2026-04-14,0.0000,16427.00,0.00,0.00,0.00,0.00,admin25+,8,PENDIENTE,0.00,,0
1511,90023,,2025-09-30,322,22,PLANCAP,2026-05-14,0.0000,38470.56,0.00,0.00,0.00,0.00,admin25+,9,PENDIENTE,0.00,,0
1512,90023,,2025-09-30,323,23,PLANINT,2026-05-14,0.0000,1397.40,0.00,0.00,0.00,0.00,admin25+,9,PENDIENTE,0.00,,0
1513,90023,,2025-09-30,324,24,PLANSEG,2026-05-14,0.0000,16427.00,0.00,0.00,0.00,0.00,admin25+,9,PENDIENTE,0.00,,0
1514,90023,,2025-09-30,325,25,PLANCAP,2026-06-14,0.0000,39163.01,0.00,0.00,0.00,0.00,admin25+,10,PENDIENTE,0.00,,0
1515,90023,,2025-09-30,326,26,PLANINT,2026-06-14,0.0000,704.95,0.00,0.00,0.00,0.00,admin25+,10,PENDIENTE,0.00,,0
1516,90023,,2025-09-30,327,27,PLANSEG,2026-06-14,0.0000,16427.00,0.00,0.00,0.00,0.00,admin25+,10,PENDIENTE,0.00,,0
1489,90023,2025-09-14,2025-09-30,300,55,PLANCAP,2025-09-14,0.0000,82135.00,82135.00,0.00,0.00,0.00,sistema,1,PAGADA,0.00,,0
1517,90023,,2025-09-14,10,1,CAUSAC,2025-09-14,21.6000,197.12,0.00,197.12,0.00,0.00,sistema,,TRANSACCION,0.00,,0
1518,90041,2025-09-09,2025-09-30,1,0,DES,2025-12-09,20.4000,2124666.00,0.00,0.00,0.00,0.00,admin25+,0,TRANSACCION ,0.00,,0
1520,90041,,2025-09-30,301,1,PLANCAP,2025-10-09,0.0000,842703.52,0.00,0.00,0.00,0.00,admin25+,2,PENDIENTE,0.00,,0
1521,90041,,2025-09-30,302,2,PLANINT,2025-10-09,0.0000,28895.46,0.00,0.00,0.00,0.00,admin25+,2,PENDIENTE,0.00,,0
1522,90041,,2025-09-30,303,3,PLANSEG,2025-10-09,0.0000,84987.00,0.00,0.00,0.00,0.00,admin25+,2,PENDIENTE,0.00,,0
1523,90041,,2025-09-30,304,4,PLANCAP,2025-11-09,0.0000,857029.48,0.00,0.00,0.00,0.00,admin25+,3,PENDIENTE,0.00,,0
1524,90041,,2025-09-30,305,5,PLANINT,2025-11-09,0.0000,14569.50,0.00,0.00,0.00,0.00,admin25+,3,PENDIENTE,0.00,,0
1525,90041,,2025-09-30,306,6,PLANSEG,2025-11-09,0.0000,84987.00,0.00,0.00,0.00,0.00,admin25+,3,PENDIENTE,0.00,,0
1519,90041,2025-09-09,2025-09-30,300,57,PLANCAP,2025-09-09,0.0000,424933.00,424933.00,0.00,0.00,0.00,sistema,1,PAGADA,0.00,,0
1526,90041,,2025-09-09,10,1,CAUSAC,2025-09-09,20.4000,963.18,0.00,963.18,0.00,0.00,sistema,,TRANSACCION,0.00,,0
1527,90032,2025-09-02,2025-09-30,1,0,DES,2026-09-02,10.0000,5000000.00,0.00,0.00,0.00,0.00,admin25+,0,TRANSACCION ,0.00,,0
1529,90032,,2025-09-30,301,1,PLANCAP,2025-10-02,0.0000,348736.30,0.00,0.00,0.00,0.00,admin25+,2,PENDIENTE,0.00,,0
1530,90032,,2025-09-30,302,2,PLANINT,2025-10-02,0.0000,33333.33,0.00,0.00,0.00,0.00,admin25+,2,PENDIENTE,0.00,,0
1531,90032,,2025-09-30,303,3,PLANSEG,2025-10-02,0.0000,200000.00,0.00,0.00,0.00,0.00,admin25+,2,PENDIENTE,0.00,,0
1532,90032,,2025-09-30,304,4,PLANCAP,2025-11-02,0.0000,351642.43,0.00,0.00,0.00,0.00,admin25+,3,PENDIENTE,0.00,,0
1533,90032,,2025-09-30,305,5,PLANINT,2025-11-02,0.0000,30427.20,0.00,0.00,0.00,0.00,admin25+,3,PENDIENTE,0.00,,0
1534,90032,,2025-09-30,306,6,PLANSEG,2025-11-02,0.0000,200000.00,0.00,0.00,0.00,0.00,admin25+,3,PENDIENTE,0.00,,0
1535,90032,,2025-09-30,307,7,PLANCAP,2025-12-02,0.0000,354572.79,0.00,0.00,0.00,0.00,admin25+,4,PENDIENTE,0.00,,0
1536,90032,,2025-09-30,308,8,PLANINT,2025-12-02,0.0000,27496.84,0.00,0.00,0.00,0.00,admin25+,4,PENDIENTE,0.00,,0
1537,90032,,2025-09-30,309,9,PLANSEG,2025-12-02,0.0000,200000.00,0.00,0.00,0.00,0.00,admin25+,4,PENDIENTE,0.00,,0
1538,90032,,2025-09-30,310,10,PLANCAP,2026-01-02,0.0000,357527.56,0.00,0.00,0.00,0.00,admin25+,5,PENDIENTE,0.00,,0
1539,90032,,2025-09-30,311,11,PLANINT,2026-01-02,0.0000,24542.07,0.00,0.00,0.00,0.00,admin25+,5,PENDIENTE,0.00,,0
1540,90032,,2025-09-30,312,12,PLANSEG,2026-01-02,0.0000,200000.00,0.00,0.00,0.00,0.00,admin25+,5,PENDIENTE,0.00,,0
1541,90032,,2025-09-30,313,13,PLANCAP,2026-02-02,0.0000,360506.96,0.00,0.00,0.00,0.00,admin25+,6,PENDIENTE,0.00,,0
1542,90032,,2025-09-30,314,14,PLANINT,2026-02-02,0.0000,21562.67,0.00,0.00,0.00,0.00,admin25+,6,PENDIENTE,0.00,,0
1543,90032,,2025-09-30,315,15,PLANSEG,2026-02-02,0.0000,200000.00,0.00,0.00,0.00,0.00,admin25+,6,PENDIENTE,0.00,,0
1544,90032,,2025-09-30,316,16,PLANCAP,2026-03-02,0.0000,363511.18,0.00,0.00,0.00,0.00,admin25+,7,PENDIENTE,0.00,,0
1545,90032,,2025-09-30,317,17,PLANINT,2026-03-02,0.0000,18558.45,0.00,0.00,0.00,0.00,admin25+,7,PENDIENTE,0.00,,0
1546,90032,,2025-09-30,318,18,PLANSEG,2026-03-02,0.0000,200000.00,0.00,0.00,0.00,0.00,admin25+,7,PENDIENTE,0.00,,0
1547,90032,,2025-09-30,319,19,PLANCAP,2026-04-02,0.0000,366540.44,0.00,0.00,0.00,0.00,admin25+,8,PENDIENTE,0.00,,0
1548,90032,,2025-09-30,320,20,PLANINT,2026-04-02,0.0000,15529.19,0.00,0.00,0.00,0.00,admin25+,8,PENDIENTE,0.00,,0
1549,90032,,2025-09-30,321,21,PLANSEG,2026-04-02,0.0000,200000.00,0.00,0.00,0.00,0.00,admin25+,8,PENDIENTE,0.00,,0
1550,90032,,2025-09-30,322,22,PLANCAP,2026-05-02,0.0000,369594.94,0.00,0.00,0.00,0.00,admin25+,9,PENDIENTE,0.00,,0
1551,90032,,2025-09-30,323,23,PLANINT,2026-05-02,0.0000,12474.69,0.00,0.00,0.00,0.00,admin25+,9,PENDIENTE,0.00,,0
1552,90032,,2025-09-30,324,24,PLANSEG,2026-05-02,0.0000,200000.00,0.00,0.00,0.00,0.00,admin25+,9,PENDIENTE,0.00,,0
1553,90032,,2025-09-30,325,25,PLANCAP,2026-06-02,0.0000,372674.90,0.00,0.00,0.00,0.00,admin25+,10,PENDIENTE,0.00,,0
1554,90032,,2025-09-30,326,26,PLANINT,2026-06-02,0.0000,9394.73,0.00,0.00,0.00,0.00,admin25+,10,PENDIENTE,0.00,,0
1555,90032,,2025-09-30,327,27,PLANSEG,2026-06-02,0.0000,200000.00,0.00,0.00,0.00,0.00,admin25+,10,PENDIENTE,0.00,,0
1556,90032,,2025-09-30,328,28,PLANCAP,2026-07-02,0.0000,375780.53,0.00,0.00,0.00,0.00,admin25+,11,PENDIENTE,0.00,,0
1557,90032,,2025-09-30,329,29,PLANINT,2026-07-02,0.0000,6289.10,0.00,0.00,0.00,0.00,admin25+,11,PENDIENTE,0.00,,0
1558,90032,,2025-09-30,330,30,PLANSEG,2026-07-02,0.0000,200000.00,0.00,0.00,0.00,0.00,admin25+,11,PENDIENTE,0.00,,0
1559,90032,,2025-09-30,331,31,PLANCAP,2026-08-02,0.0000,378911.97,0.00,0.00,0.00,0.00,admin25+,12,PENDIENTE,0.00,,0
1560,90032,,2025-09-30,332,32,PLANINT,2026-08-02,0.0000,3157.66,0.00,0.00,0.00,0.00,admin25+,12,PENDIENTE,0.00,,0
1561,90032,,2025-09-30,333,33,PLANSEG,2026-08-02,0.0000,200000.00,0.00,0.00,0.00,0.00,admin25+,12,PENDIENTE,0.00,,0
1528,90032,2025-09-02,2025-09-30,300,58,PLANCAP,2025-09-02,0.0000,1000000.00,1000000.00,0.00,0.00,0.00,sistema,1,PAGADA,0.00,,0
1562,90032,,2025-09-02,10,1,CAUSAC,2025-09-02,10.0000,1111.11,0.00,1111.11,0.00,0.00,sistema,,TRANSACCION,0.00,,0
1158,90045,2025-09-30,2025-09-30,20,61,PLANINT,2025-09-28,0.0000,41666.67,0.00,41666.67,0.00,0.00,admin25+,2,PAGADA,0.00,,0
1159,90045,2025-09-30,2025-09-30,20,62,PLANSEG,2025-09-28,0.0000,200000.00,0.00,0.00,200000.00,0.00,admin25+,2,PAGADA,0.00,,0
1160,90045,2025-09-30,2025-09-30,20,63,PLANCAP,2025-10-28,0.0000,218548.61,2037.80,0.00,0.00,0.00,admin25+,3,PENDIENTE,0.00,,0
1566,90008,,2025-09-15,10,1,CAUSAC,2025-09-15,21.6000,1114.08,0.00,2228.16,0.00,0.00,sistema,,TRANSACCION,0.00,,0
996,90008,2025-09-15,2025-09-30,20,2,PLANINT,2025-09-28,0.0000,33422.40,0.00,33422.40,0.00,0.00,admin25+,2,PAGADA,0.00,,0
997,90008,2025-09-15,2025-09-30,20,3,PLANSEG,2025-09-28,0.0000,92840.00,0.00,0.00,50694.33,0.00,admin25+,2,PENDIENTE,0.00,,0
1663,64,2025-09-24,2025-09-30,1,0,DES,2026-09-24,18.0000,1000000.00,0.00,0.00,0.00,0.00,admin25+,0,TRANSACCION ,0.00,,0
1665,64,,2025-09-30,301,1,PLANCAP,2025-10-24,0.0000,75864.46,0.00,0.00,0.00,0.00,admin25+,2,PENDIENTE,0.00,,0
1666,64,,2025-09-30,302,2,PLANINT,2025-10-24,0.0000,13500.00,0.00,0.00,0.00,0.00,admin25+,2,PENDIENTE,0.00,,0
1667,64,,2025-09-30,303,3,PLANCAP,2025-11-24,0.0000,77002.43,0.00,0.00,0.00,0.00,admin25+,3,PENDIENTE,0.00,,0
1668,64,,2025-09-30,304,4,PLANINT,2025-11-24,0.0000,12362.03,0.00,0.00,0.00,0.00,admin25+,3,PENDIENTE,0.00,,0
1669,64,,2025-09-30,305,5,PLANCAP,2025-12-24,0.0000,78157.46,0.00,0.00,0.00,0.00,admin25+,4,PENDIENTE,0.00,,0
1670,64,,2025-09-30,306,6,PLANINT,2025-12-24,0.0000,11207.00,0.00,0.00,0.00,0.00,admin25+,4,PENDIENTE,0.00,,0
1671,64,,2025-09-30,307,7,PLANCAP,2026-01-24,0.0000,79329.83,0.00,0.00,0.00,0.00,admin25+,5,PENDIENTE,0.00,,0
1672,64,,2025-09-30,308,8,PLANINT,2026-01-24,0.0000,10034.63,0.00,0.00,0.00,0.00,admin25+,5,PENDIENTE,0.00,,0
1673,64,,2025-09-30,309,9,PLANCAP,2026-02-24,0.0000,80519.77,0.00,0.00,0.00,0.00,admin25+,6,PENDIENTE,0.00,,0
1674,64,,2025-09-30,310,10,PLANINT,2026-02-24,0.0000,8844.69,0.00,0.00,0.00,0.00,admin25+,6,PENDIENTE,0.00,,0
1675,64,,2025-09-30,311,11,PLANCAP,2026-03-24,0.0000,81727.57,0.00,0.00,0.00,0.00,admin25+,7,PENDIENTE,0.00,,0
1676,64,,2025-09-30,312,12,PLANINT,2026-03-24,0.0000,7636.89,0.00,0.00,0.00,0.00,admin25+,7,PENDIENTE,0.00,,0
1677,64,,2025-09-30,313,13,PLANCAP,2026-04-24,0.0000,82953.48,0.00,0.00,0.00,0.00,admin25+,8,PENDIENTE,0.00,,0
1678,64,,2025-09-30,314,14,PLANINT,2026-04-24,0.0000,6410.98,0.00,0.00,0.00,0.00,admin25+,8,PENDIENTE,0.00,,0
1679,64,,2025-09-30,315,15,PLANCAP,2026-05-24,0.0000,84197.78,0.00,0.00,0.00,0.00,admin25+,9,PENDIENTE,0.00,,0
1680,64,,2025-09-30,316,16,PLANINT,2026-05-24,0.0000,5166.68,0.00,0.00,0.00,0.00,admin25+,9,PENDIENTE,0.00,,0
1681,64,,2025-09-30,317,17,PLANCAP,2026-06-24,0.0000,85460.75,0.00,0.00,0.00,0.00,admin25+,10,PENDIENTE,0.00,,0
1682,64,,2025-09-30,318,18,PLANINT,2026-06-24,0.0000,3903.71,0.00,0.00,0.00,0.00,admin25+,10,PENDIENTE,0.00,,0
1683,64,,2025-09-30,319,19,PLANCAP,2026-07-24,0.0000,86742.66,0.00,0.00,0.00,0.00,admin25+,11,PENDIENTE,0.00,,0
1684,64,,2025-09-30,320,20,PLANINT,2026-07-24,0.0000,2621.80,0.00,0.00,0.00,0.00,admin25+,11,PENDIENTE,0.00,,0
1685,64,,2025-09-30,321,21,PLANCAP,2026-08-24,0.0000,88043.81,0.00,0.00,0.00,0.00,admin25+,12,PENDIENTE,0.00,,0
1686,64,,2025-09-30,322,22,PLANINT,2026-08-24,0.0000,1320.65,0.00,0.00,0.00,0.00,admin25+,12,PENDIENTE,0.00,,0
1664,64,2025-09-24,2025-09-30,300,23,PLANCAP,2025-09-24,0.0000,100000.00,100000.00,0.00,0.00,0.00,sistema,1,PAGADA,0.00,,2
1687,64,,2025-09-24,10,2,CAUSAC,2025-09-24,18.0000,450.00,0.00,450.00,0.00,0.00,sistema,,TRANSACCION,100000.00,PAGO_102,2
1688,64,,2025-09-24,10,2,CAUSAC,2025-09-24,18.0000,450.00,0.00,450.00,0.00,0.00,sistema,,TRANSACCION,0.00,DESEMBOLSO_64,2
1565,90045,,2025-09-30,10,1,CAUSAC,2025-09-30,12.5000,1388.89,0.00,2777.78,0.00,0.00,sistema,,TRANSACCION,218333.33,PAGO_100,0
